ngoId,fiscalYear,totalIncome,totalGrant,totalExpense,totalAssets,totalLiabilities,totalFundingGap,sourceOfFunds,majorFunders,ngoBudgetAllocation,ngoBudgetUtilization,auditReport,avgMonthlyExpenditure,avgMonthlyOverhead,longTermLoan,fulltimeEmployees,parttimeEmployees,employmentExpenses,fulltimeVolunteers,parttimeVolunteers,volunteerExpenses,consultants,consultantExpenses,occupancyExpenses,fundraisingExpenses
05a69203-8194-3a20-ad28-0a9f8ec3b16d,,6647492.0,0.0,6995030.0,1907543.0,0.0,347538.0,Resident Individuals,INDIVIDUALS,5655590.0,,,8822990.0,,,12,1,,1,,,2.0,,,
c4e895fb-a222-36a9-aec9-7901492fb709,,3706438.0,1817340.0,2686084.0,4417.0,0.0,0.0,"Resident Individuals, Foreign Nationals","Dr. Ashok Kache, Dr. N Bhaskara Rao, GiveIndia & many individuals",3500000.0,,,2500000.0,,,0,,,10,,,,,,
3b09be47-3ca6-3f36-a96f-d54bb284f042,,0.0,0.0,0.0,0.0,0.0,0.0,,credible alliance,1097000.0,,,1065000.0,,,7,3,,21,,,,,,
d2741124-86d2-317f-adb5-eca14677abec,,0.0,0.0,0.0,0.0,0.0,0.0,,credible alliance,1680000.0,,,27310000.0,,,3,,,7,,,,,,
4f3a89b2-1a9f-3692-9101-a416e7f47c89,,0.0,0.0,0.0,0.0,0.0,0.0,,Credible Alliance,1097000.0,,,2000750.0,,,12,,,,,,,,,
e1b26bed-ca0e-330f-a818-2782b33d0c89,,2512150.0,0.0,3834277.0,0.0,0.0,0.0,"Government Bodies, Other Foreign NGOs, Domestic Companies, Foreign Companies","Indian Red Cross Society, Microleasing & Funding Ltd, Sitaram Jindal Foundation, Global Giving Foundation  USA, Global Hand, Hong Kong, Nasscom Foundation, New Delhi,",0.0,,,0.0,,,6,3,,3,,,,,,
2ff68544-6790-3c40-b775-cae7940e6316,,1758507.0,0.0,1750354.0,59243.0,0.0,0.0,N/A Government Bodies,"credible alliance MINISTRY OF AGRICULTURE, GOI",1250000.0,,,1759096.0,,,6,20,,10,,,2.0,,,
12cb662e-1c12-3c78-af3b-41b6411c4e86,,0.0,0.0,0.0,0.0,0.0,0.0,,Indian Institute of Corporate Affairs,1250000.0,,,1223000.0,,,3,,,,,,,,,
38dac131-0290-3c1e-aeba-ce78870af9f4,,1511900.0,0.0,1563280.0,100000.0,0.0,0.0,,Indian Institute of Corporate Affairs,1250000.0,,,2500000.0,,,10,5,,50,,,2.0,,,
9aea4363-3220-38a0-bca3-82a5699056ee,,0.0,0.0,0.0,0.0,0.0,0.0,,credible alliance,6754350.0,,,500000.0,,,3,,,,,,,,,
cef20119-73c3-39bf-8026-820b448de57b,,310118.0,0.0,373964.0,0.0,0.0,0.0,,"Help Your NGO, Asha for Angels",1345600.0,,,202083.0,,,2,13,,7,,,1.0,,,
cb0c680c-3a36-36fa-abee-59344a7fa95d,,1393535.0,,1428041.0,451350.0,0.0,100000.0,,,,,,1500000.0,,,12,2,,248,,,4.0,,,
c490c115-a437-3a49-b144-6e35107d5cf7,,0.0,0.0,0.0,0.0,0.0,0.0,,unknown,0.0,,,1223000.0,,,5,,,,,,,,,
958afb2e-7cee-3eac-a40d-cdc11b39b02d,,0.0,0.0,0.0,0.0,0.0,0.0,,Indian Institute of Corporate Affairs,0.0,,,1223000.0,,,12,,,,,,,,,
c92e97fe-041a-3c7e-9347-91b0fb438364,,0.0,0.0,0.0,0.0,0.0,0.0,Domestic Companies,credible alliance,5800000.0,,,2731000.0,,,5,8,,4,,,4.0,,,
fb95c4bb-68e7-3d20-b679-c78af8064bc4,,0.0,0.0,0.0,4500000.0,0.0,0.0,,credible alliance,1250000.0,,,2731000.0,,,8,5,,9,,,4.0,,,
7a65f1ed-7d48-3e0f-96a1-54a20a3a974f,,0.0,,0.0,0.0,0.0,0.0,,,,,,1065000.0,,,4,12,,12,,,6.0,,,
1df80055-87fc-33ed-815b-970a49f17d8a,,0.0,,0.0,0.0,0.0,0.0,,,,,,110000.0,,,6,4,,12,,,8.0,,,
05197857-1a26-3891-9240-dbf22048ba63,,0.0,0.0,0.0,4500000.0,0.0,0.0,"Other Domestic NGOs, Other Foreign NGOs, Domestic Companies",credibility alliance,12500000.0,,,12500000.0,,,12,3,,9,,,5.0,,,
68dd3389-fe3e-36e8-bcd0-16ed1081b091,,0.0,0.0,0.0,0.0,0.0,0.0,,Indian Institute of Corporate Affairs,1250000.0,,,1223000.0,,,12,,,,,,,,,
0aad7489-da0d-37bb-9b08-8d344019fd80,,0.0,0.0,0.0,0.0,0.0,0.0,Other Domestic NGOs,Help Your NGO Foundation,480000.0,,,480000.0,,,0,,,,,,,,,
55de6781-47a9-3107-95ae-8eac055f7381,,0.0,0.0,0.0,0.0,0.0,0.0,"Other Domestic NGOs, Other Foreign NGOs",,68000000.0,,,68000000.0,,,45,,,,,,,,,
e45b4242-bf64-3ea4-ad5f-4e9aa26808e2,,0.0,0.0,0.0,0.0,0.0,0.0,,credible alliance,1250000.0,,,1223000.0,,,12,,,,,,,,,
49532f8f-88d7-3ab6-92be-13b8aee9068e,,0.0,,0.0,0.0,0.0,0.0,,,,,,1065000.0,,,7,4,,9,,,5.0,,,
c27fae25-8ff7-3479-9546-d9f81d329bd6,,0.0,0.0,0.0,0.0,0.0,0.0,,"Nabard, IGNOU, Life Insurance Company, Bank of Baroda",1097000.0,,,1223000.0,,,8,4,,,,,3.0,,,
3b9f8372-8dcd-30ed-9427-231ce000f337,,0.0,0.0,0.0,0.0,0.0,0.0,,credible alliance,1825000.0,,,273100.0,,,20,10,,12,,,6.0,,,
379861bd-8be7-3729-8fc4-4efc61eca31e,,0.0,0.0,0.0,0.0,0.0,0.0,,Indian Institute of Corporate Affairs,1250000.0,,,1223000.0,,,12,,,,,,,,,
20a8b448-3f54-337e-8af6-a3c59ae9c5a7,,0.0,0.0,0.0,0.0,0.0,0.0,,credible alliance,30700000.0,,,3300000.0,,,10,,,,,,,,,
7c0533d7-ef12-34ac-99eb-5b8cce638f35,,0.0,,0.0,0.0,0.0,0.0,,,,,,110000.0,,,4,2,,12,,,1.0,,,
b3f48d6e-ffca-3efe-b76f-5893c7543f8e,,0.0,0.0,0.0,0.0,0.0,0.0,"Government Bodies, Other Domestic NGOs, Other Foreign NGOs",Indian Institute of Corporate Affairs,4000000.0,,,4000000.0,,,12,,,,,,,,,
ae94ef85-dc1c-324a-b93c-48388c5818a4,,0.0,0.0,0.0,0.0,0.0,0.0,,credible alliance,0.0,,,1223000.0,,,12,,,,,,,,,
8016973d-60a0-3347-9ddf-438d403cdb0a,,0.0,0.0,0.0,0.0,0.0,0.0,,credible alliance,1097000.0,,,370000.0,,,20,8,,,,,5.0,,,
40fa75c7-e5b2-34c1-8162-6b446780f77a,,0.0,0.0,0.0,0.0,0.0,0.0,,PaulFoundation,5688350.0,,,4031958.0,,,12,,,,,,,,,
aab85a35-040a-344e-9d5b-82f3b1f45662,,0.0,0.0,0.0,0.0,0.0,0.0,"Other Domestic NGOs, Other Foreign NGOs",credible alliance,1097000.0,,,1065000.0,,,18,7,,8,,,5.0,,,
a3c05ea0-5d0e-3bfd-8d3b-be31f1d9544d,,0.0,0.0,0.0,0.0,0.0,0.0,"Government Bodies, Other Foreign NGOs Government Bodies, Other Foreign NGOs","NABARD, AWO INTERNATIONAL, MAVIM NABARD, AWO INTERNATIONAL, MAVIM",2500000.0,,,27310000.0,,,40,10,,8,,,5.0,,,
ef08118a-0d8c-398e-8b5f-6edae2f21b2a,,0.0,0.0,0.0,0.0,0.0,0.0,,credible alliance,120000.0,,,330000.0,,,34,14,,12,,,9.0,,,
60db253c-caee-3cf8-b368-8f61cf93b16a,,0.0,0.0,0.0,0.0,0.0,0.0,,Majesco Ltd,750000.0,,,273100.0,,,5,3,,,,,2.0,,,
5e463e8d-ca6a-3859-8a03-1c9cce27c91d,,0.0,0.0,0.0,0.0,0.0,0.0,,Indian Institute of Corporate Affairs,1250000.0,,,1223000.0,,,10,8,,30,,,6.0,,,
e9929f03-49a6-398a-86e5-a1eeb01b470c,,0.0,0.0,0.0,0.0,0.0,0.0,"Other Domestic NGOs, Other Foreign NGOs, Domestic Companies",aga khan foundation,1250000.0,,,1223000.0,,,12,,,,,,,,,
469dff33-84da-3707-86bc-5c1a8b58b4b0,,0.0,0.0,0.0,0.0,0.0,0.0,"Government Bodies, Other Domestic NGOs, Other Foreign NGOs, Resident Individuals",credible alliance,750000.0,,,4500000.0,,,8,12,,10,,,4.0,,,
8c2635db-7283-313f-a0bb-b036a7d3dec0,,0.0,0.0,0.0,0.0,0.0,0.0,"N/A Government Bodies, Other Domestic NGOs, Other Foreign NGOs","Sitaram Jindal Foundation, The Hans Foundation Hans Foundation, Sitaram Jindal Foundation",1211000.0,,,122100.0,,,12,,,,,,,,,
19f3e848-79db-3f1b-b912-5fe43ca8c4e8,,0.0,0.0,0.0,0.0,0.0,0.0,,unknown,0.0,,,1223000.0,,,12,16,,20,,,14.0,,,
cf8532d2-5c8e-31db-94ae-3406bc00bf3b,,0.0,0.0,0.0,0.0,0.0,0.0,,Indian Institute of Corporate Affairs,1250000.0,,,1223000.0,,,12,,,,,,,,,
70a74785-83de-3ff9-87c9-1a6f6233add6,,0.0,0.0,0.0,0.0,0.0,0.0,"Government Bodies, Other Domestic NGOs, Other Foreign NGOs",Indian Institute of Corporate Affairs,1250000.0,,,1223000.0,,,12,,,,,,,,,
ef84c706-b287-304d-8fb4-28d55e4f8ba8,,0.0,0.0,0.0,0.0,0.0,0.0,,credible alliance,21123500.0,,,1065000.0,,,12,,,,,,,,,
b240c154-6b8c-3684-bfd3-1110769bb22b,,0.0,0.0,0.0,0.0,0.0,0.0,,"Cadgill, VSO, TechMahindra, Avantha Foundation",1250000.0,,,1100209.0,,,4,,,,,,,,,
2bf81cf9-3dca-355e-9060-3371e462b041,,0.0,,0.0,0.0,0.0,0.0,,,,,,330000.0,,,8,,,,,,,,,
a4b4228e-a4c3-3935-bd47-097689f0babf,,0.0,,0.0,0.0,0.0,0.0,,,,,,560000.0,,,6,4,,12,,,5.0,,,
84f1ff49-dc01-30ab-b92a-9b054d47e4b6,,0.0,0.0,0.0,0.0,0.0,0.0,Other Domestic NGOs N/A,HelpYourNGO Foundation Help Your NGO foundation,18000000.0,,,18000000.0,,,24,,,,,,,,,
367fcfc4-a9f7-3bdd-a115-bbd38530ea78,,0.0,0.0,0.0,0.0,0.0,0.0,Other Domestic NGOs,HelpYourNGO Foundation,952000.0,,,952000.0,,,50,,,,,,,,,
3e935169-f4eb-326f-a49f-334453558522,,0.0,0.0,0.0,0.0,0.0,0.0,,Indian Institute of Corporate Affairs,1211000.0,,,215670000.0,,,12,,,,,,,,,
2562d386-2f7f-335d-b2d9-ceccddd368f3,,0.0,0.0,0.0,0.0,0.0,0.0,"Government Bodies, Other Domestic NGOs",Unknown,1000000.0,,,370000.0,,,7,12,,8,,,5.0,,,
dbbb6402-1546-3927-bc40-7e2c796f6ec0,,0.0,0.0,0.0,0.0,0.0,0.0,,Indian Institute of Corporate Affairs,170000.0,,,1000000.0,,,12,,,125,,,,,,
11cc83e5-6dcc-3035-85ca-b5d348ab4326,,0.0,0.0,0.0,0.0,0.0,0.0,"Government Bodies, Other Domestic NGOs",credible alliance,1097000.0,,,650000.0,,,8,3,,8,,,2.0,,,
3eeb82ac-46c7-3e79-8463-3da8dc271786,,0.0,0.0,0.0,0.0,0.0,0.0,,Help Your NGO foundation,16800000.0,,,1200000.0,,,12,,,,,,,,,
fca6bece-9873-32ec-a8c8-7e61840248fa,,0.0,0.0,0.0,0.0,0.0,0.0,,Indian Institute of Corporate Affairs,1250000.0,,,1223000.0,,,12,,,,,,,,,
44ad20cd-3218-3afb-bfcf-01892a4ed1a0,,0.0,0.0,0.0,0.0,0.0,0.0,,Indian Institute of Corporate Affairs,16800000.0,,,2000750.0,,,12,,,,,,,,,
79ac728f-b872-3a61-b284-9ecb2293dcbd,,0.0,0.0,0.0,0.0,0.0,0.0,,unknown,25000000.0,,,1223000.0,,,25,15,,14,,,12.0,,,
8ecf064a-ac64-3a1b-8913-ab5b816be86d,,0.0,0.0,0.0,0.0,0.0,0.0,"Government Bodies, Other Domestic NGOs",unknown,950000.0,,,1050000.0,,,18,8,,9,,,12.0,,,
1e22aaee-54a1-350e-8e5a-7fc77a5fb506,,0.0,,0.0,0.0,0.0,0.0,,,,,,560000.0,,,4,6,,4,,,1.0,,,
8baeb5a8-5418-3442-8b95-244ed0a79f3a,,0.0,0.0,0.0,0.0,0.0,0.0,,Unknown,1800000.0,,,1400000.0,,,22,12,,18,,,8.0,,,
32dc5249-6848-3852-b85e-fe3c71d080fd,,0.0,0.0,0.0,0.0,0.0,0.0,,"Escorts Heart Institute and Research Centre, World Bank",10970000.0,,,20052060.0,,,12,,,,,,,,,
d9485aa2-5272-33cf-a2da-e82c984bf0a9,,0.0,0.0,0.0,0.0,0.0,0.0,"Other Domestic NGOs, Other Foreign NGOs, Domestic Companies",credible alliance,170000.0,,,170000.0,,,18,,,,,,,,,
1a231cb3-637b-3c9c-af11-1a796f77e95c,,0.0,0.0,0.0,0.0,0.0,0.0,,unknown,350000.0,,,650000.0,,,8,6,,4,,,1.0,,,
d3e291b2-65fd-3924-9731-96b69959c421,,0.0,0.0,0.0,0.0,0.0,0.0,,credible alliance,960000.0,,,450000.0,,,12,4,,3,,,4.0,,,
435f08e9-0812-3a5e-80c4-3f5f47c8b95a,,0.0,0.0,0.0,0.0,0.0,0.0,"Government Bodies, Other Domestic NGOs, Other Foreign NGOs",unknown,1200000.0,,,1200000.0,,,20,12,,,,,12.0,,,
88b888c2-515e-3d91-8994-26fa8d43ba59,,0.0,0.0,0.0,0.0,0.0,0.0,"Government Bodies, Other Domestic NGOs, Other Foreign NGOs",Indian Institute of Corporate Affairs,1250000.0,,,1223000.0,,,12,,,,,,,,,
2b19be64-9a96-30a8-b172-96d9b7cbad40,,4500000.0,0.0,5600000.0,0.0,0.0,0.0,,Impact Foundation India,6667070.0,,,6667068.0,,,38,,,,,,,,,
7522291a-8e78-3251-8acc-562aa0ac8909,,0.0,0.0,0.0,0.0,0.0,0.0,Other Domestic NGOs N/A,credible alliance credible alliance,10970000.0,,,10650000.0,,,34,,,,,,,,,
b11d79f0-7f89-3149-a33f-61fb029c2beb,,0.0,0.0,0.0,0.0,0.0,0.0,"Government Bodies, Other Domestic NGOs, Other Foreign NGOs, Foreign Companies",Indian Institute of Corporate Affairs,16400000.0,,,16400000.0,,,300,,,,,,,,,
0867db0d-6204-3e66-9a79-6b88ad1a7d86,,0.0,0.0,0.0,0.0,0.0,0.0,"Other Domestic NGOs, Other Foreign NGOs, Domestic Companies",Indian Institute of Corporate Affairs,1875460.0,,,1065000.0,,,15,,,,,,,,,
29ce0244-aa51-3f48-b430-163c6f9c4ab6,,0.0,0.0,0.0,0.0,0.0,0.0,"Other Domestic NGOs, Other Foreign NGOs, Domestic Companies",Indian Institute of Corporate Affairs,30700000.0,,,1100000.0,,,12,,,,,,,,,
05fabba7-81c2-3c39-9e53-f66ec433993e,,0.0,0.0,0.0,0.0,0.0,0.0,,unknown,0.0,,,675000.0,,,12,16,,9,,,5.0,,,
d0727e66-7803-3cc0-8365-cbe42ba5c117,,0.0,0.0,0.0,0.0,0.0,0.0,,"Pizer , Tilda, CBM, Jeevan Mantra,ICAR",1250000.0,,,1065000.0,,,12,,,,,,,,,
80f692ed-f749-3990-ade7-89e85a1e650a,,0.0,0.0,0.0,0.0,0.0,0.0,,Impact Foundation India,27900000.0,,,27900000.0,,,52,,,,,,,,,
c655354a-f3e6-377a-9bc7-fae295592079,,0.0,0.0,0.0,0.0,0.0,0.0,"Other Domestic NGOs, Other Foreign NGOs, Domestic Companies",Indian Institute of Corporate Affairs,1250000.0,,,1223000.0,,,12,,,,,,,,,
14b30243-80d5-3436-b443-49916c3f711a,,0.0,0.0,0.0,0.0,0.0,0.0,,Indian Institute of Corporate Affairs,1250000.0,,,1223000.0,,,12,,,,,,,,,
aaaf3375-e65c-3e08-a68d-b3c34f9b4797,,0.0,0.0,0.0,0.0,0.0,0.0,,Indian Institute of Corporate Affairs,1250000.0,,,1223000.0,,,12,,,,,,,,,
3eb75783-93d3-34f6-920a-475b53bcacf0,,0.0,0.0,0.0,0.0,0.0,0.0,,credible alliance,1250000.0,,,1223000.0,,,5,,,,,,,,,
ec83d961-59a0-31d4-bd33-2d6744bc7dd7,,0.0,0.0,0.0,0.0,0.0,0.0,,Indian Institute of Corporate Affairs,1250000.0,,,1223000.0,,,12,,,,,,,,,
994d7808-154e-3492-805c-8356453dc4cc,,0.0,0.0,0.0,0.0,0.0,0.0,"Government Bodies, Other Domestic NGOs, Other Foreign NGOs",credible alliance,3300000.0,,,3300000.0,,,12,,,,,,,,,
3eaefa2f-21d9-3fa3-9f29-8aefdcb03ca9,,0.0,,0.0,0.0,0.0,0.0,,,,,,1800000.0,,,20,18,,12,,,8.0,,,
fadfdb47-cc85-3c6e-b482-95eebd170a23,,0.0,0.0,0.0,0.0,0.0,0.0,,Indian Institute of Corporate Affairs,1250000.0,,,1223000.0,,,12,,,,,,,,,
46a8260f-e749-32ee-8536-d4a079ddc32a,,0.0,0.0,0.0,0.0,0.0,0.0,"Other Domestic NGOs, Other Foreign NGOs, Foreign Companies",Indian Institute of Corporate Affairs,1250000.0,,,1223000.0,,,5,,,,,,,,,
9e942189-7982-31d4-9d73-176c6ccd0850,,0.0,0.0,0.0,0.0,0.0,0.0,"Other Domestic NGOs, Other Foreign NGOs, Domestic Companies N/A","Aga Khan Foundation  Elsie Spykman Foundation REACH India Asha for Education, Sir Dorabji Tata Trust, ,   Narotam Sekhsaria Foundation",18640200.0,,,18640225.0,,,75,,,,,,,,,
51b1a2ff-3e7d-3d72-9c0c-3245efc33af1,,0.0,0.0,0.0,0.0,0.0,0.0,,credible alliance,750000.0,,,2400000.0,,,12,14,,,,,8.0,,,
6330db1c-dd52-35ea-9a35-7196c58f6818,,0.0,0.0,0.0,0.0,0.0,0.0,,Indian Institute of Corporate Affairs,1250000.0,,,1223000.0,,,12,,,,,,,,,
46df5178-3b34-3580-835b-c7e11e08530e,,0.0,,0.0,0.0,0.0,0.0,,,,,,1250000.0,,,12,14,,6,,,12.0,,,
b241620d-b2ea-3eab-b323-9ffffe13e4ab,,0.0,0.0,0.0,0.0,0.0,0.0,"Government Bodies, Other Domestic NGOs, Other Foreign NGOs",credible alliance,0.0,,,1250000.0,,,10,3,,2,,,5.0,,,
3a8fa823-d79c-3fac-a342-4729e205e3aa,,0.0,0.0,0.0,0.0,0.0,0.0,,Unkown,1250000.0,,,1223000.0,,,12,,,,,,,,,
d4c144c8-48b5-3afa-a768-661b3d695fb5,,0.0,0.0,0.0,0.0,0.0,0.0,,Indian Institute of Corporate Affairs,1250000.0,,,1500000.0,,,30,15,,25,,,10.0,,,
c074c01f-f7c9-3584-9038-74475bc257af,,0.0,0.0,0.0,0.0,0.0,0.0,"Government Bodies, Other Domestic NGOs, Foreign Companies",credible alliance,500000.0,,,450000.0,,,8,12,,4,,,5.0,,,
22ce3c91-0f4f-34bf-9a6b-989ab6164f11,,0.0,0.0,0.0,0.0,0.0,0.0,,credible alliance,550000.0,,,3500000.0,,,30,15,,10,,,5.0,,,
facab875-74ea-33bb-9de7-dc728971b58a,,0.0,0.0,0.0,0.0,0.0,0.0,,credible alliance,5688830.0,,,4031958.0,,,8,,,,,,,,,
958503ba-e74b-3655-92d4-dcb85d04de6b,,0.0,0.0,0.0,0.0,0.0,0.0,"Government Bodies, Other Domestic NGOs, Foreign Companies",credible alliance,1200000.0,,,2000000.0,,,22,10,,18,,,5.0,,,
2d942b93-05c5-3d7a-abb1-2c893afb69e3,,0.0,0.0,0.0,0.0,0.0,0.0,"Other Domestic NGOs, Other Foreign NGOs, Domestic Companies",credible alliance,575000.0,,,575000.0,,,12,,,,,,,,,
695f6e72-877a-34b5-8bef-8179d3f5c05a,,0.0,0.0,0.0,0.0,0.0,0.0,Other Domestic NGOs,aga khan foundation,1250000.0,,,1223000.0,,,12,,,,,,,,,
98f7d5b2-d407-341a-931b-16d0d7c2283e,,0.0,0.0,0.0,0.0,0.0,0.0,,,170000.0,,,2000750.0,,,12,,,,,,,,,
68a85227-9bd3-3e88-b084-44dc9d4f8c74,,7173740.0,0.0,6981329.0,0.0,0.0,0.0,"Other Domestic NGOs, Other Foreign NGOs, Domestic Companies Other Foreign NGOs","Creditability Alliance Give India, Triad Software Pvt. Ltd. India, United Way of Chennai,NTT Data GDS Pvt., Letz Dream Foundation,",50000000.0,,,7173740.0,,,18,,,,,,,,,
d6323b42-35e9-3120-ab9c-656ec937bd9c,,0.0,0.0,0.0,0.0,0.0,0.0,,credible alliance,1250000.0,,,1065000.0,,,10,,,,,,,,,
6c94527c-a224-35b1-9e94-7eb1cbc4b194,,0.0,0.0,0.0,0.0,0.0,0.0,,Indian Institute of Corporate Affairs,1250000.0,,,1223000.0,,,12,,,,,,,,,
31511e01-0b9e-3a48-a169-5d22acd0a13e,,0.0,0.0,0.0,0.0,0.0,0.0,"Government Bodies, Other Domestic NGOs, Other Foreign NGOs",credible alliance,600000.0,,,600000.0,,,12,,,,,,,,,
6800ab00-9ca1-3f27-9c58-0b9429fd170d,,0.0,0.0,0.0,0.0,0.0,0.0,,Indian Institute of Corporate Affairs,1250000.0,,,2000750.0,,,12,,,,,,,,,
79f5e078-1c6c-3be6-a8f8-cac2176237b5,,0.0,0.0,0.0,0.0,0.0,0.0,,"Oak Foundation, Google, Ministry of foreign affairs of netherlands",143850000.0,,,1223000.0,,,62,,,25,,,,,,
1dfc8714-2864-3b5e-981e-341f52f93603,,0.0,,0.0,0.0,0.0,0.0,,,,,,1600000.0,,,18,6,,2,,,5.0,,,
a68ab501-a3b6-37ca-b89d-fe1a68ff5ab9,,0.0,0.0,0.0,0.0,0.0,0.0,Other Domestic NGOs Other Foreign NGOs,"N/A End of Life Care International, Jiv Daya Foundation, Pfizer Limited,Tom & Sheila Springer Charity",1250000.0,,,1223000.0,,,73,,,62,,,,,,
b686595b-c0fb-3a1f-8764-c6183c80f666,,0.0,,0.0,0.0,0.0,0.0,,,,,,540000.0,,,16,,,,,,,,,
0743c1ff-5f78-3461-acea-d3341425fdf7,,0.0,0.0,0.0,0.0,0.0,0.0,,Indian Institute of Corporate Affairs,1250000.0,,,1223000.0,,,12,,,,,,,,,
239ab4af-49d1-36a6-8f34-9d0c874bd370,,0.0,0.0,0.0,0.0,0.0,0.0,"Government Bodies, Other Foreign NGOs, Domestic Companies",DANINDA  SOULACE,8000000.0,,,8000000.0,,,115,,,,,,,,,
2aaab101-b5e1-352f-ad29-67e86c05f8e8,,0.0,0.0,0.0,0.0,0.0,0.0,,Indian Institute of Corporate Affairs,1250000.0,,,1223000.0,,,12,,,,,,,,,
702aed97-3a14-32f1-a11c-912cad766aec,,0.0,0.0,0.0,0.0,0.0,0.0,,Indian Institute of Corporate Affairs,1250000.0,,,1223000.0,,,12,,,,,,,,,
9ef9d856-8085-39b0-8ab8-0c1a7e2c7e77,,0.0,0.0,0.0,0.0,0.0,0.0,,Tata Trust,16800000.0,,,11000209.0,,,15,,,,,,,,,
19569740-8609-3bb8-a72c-5c639a734a50,,0.0,0.0,0.0,0.0,0.0,0.0,"Other Domestic NGOs, Other Foreign NGOs, Domestic Companies",credible alliance,3300000.0,,,3300000.0,,,15,,,,,,,,,
f3401279-65d7-38fb-8410-723daba6a5f7,,0.0,0.0,0.0,0.0,0.0,0.0,,"Indian Institute of Corporate Affairs, ICAR,KVK,",10970000.0,,,11000209.0,,,12,,,,,,,,,
0b9b4a20-b551-30fc-aa5b-41801fce3b57,,0.0,0.0,0.0,0.0,0.0,0.0,,Indian Institute of Corporate Affairs,1250000.0,,,1223000.0,,,12,,,,,,,,,
7fd557d2-23bc-3dc6-a9e7-43fdf8cf54c9,,34348244.0,0.0,16477747.0,6.0,1.0,0.0,"N/A Other Domestic NGOs, Other Foreign NGOs","Indian Institute of Corporate Affairs Poorest Areas Civil Society (PACS), Save the Children & Oxfam India",1250000.0,,,4689234.0,,,12,,,,,,,,,
bf0ed069-d62d-3080-90bd-bbd8efc685e7,,0.0,0.0,0.0,0.0,0.0,0.0,,credible alliance,5688830.0,,,3070000.0,,,4,,,,,,,,,
4acecbe1-b315-308c-bd35-e692b3067ff4,,0.0,,0.0,0.0,0.0,0.0,,,,,,1600000.0,,,12,14,,4,,,4.0,,,
c07a70af-3739-39a5-9dd4-7c8566b4e2f4,,0.0,0.0,0.0,0.0,0.0,0.0,,credible alliance,24309100.0,,,3650000.0,,,22,14,,2000,,,10.0,,,
a40c50c0-5730-3ea6-a3a5-ebd67465aca6,,0.0,0.0,0.0,0.0,0.0,0.0,,Indian Institute of Corporate Affairs,1250000.0,,,1223000.0,,,12,,,,,,,,,
46e3e861-f299-379e-82ef-c138e89839bf,,0.0,0.0,0.0,0.0,0.0,0.0,,Credible Alliance,560000.0,,,1250000.0,,,8,6,,4,,,4.0,,,
eb3c27b9-17db-3e6b-b484-71bb6601f8af,,0.0,0.0,0.0,0.0,0.0,0.0,,credible alliance,1250000.0,,,1223000.0,,,12,,,,,,,,,
46221b16-e1fd-30ff-ba6b-cdf8b963b49b,,0.0,0.0,0.0,0.0,0.0,0.0,,impact ngo,12000000.0,,,12000000.0,,,15,,,,,,,,,
a2eb07cc-7229-3dc3-aade-ee8379d8b5b5,,0.0,,0.0,0.0,0.0,0.0,,,,,,2450000.0,,,12,6,,10,,,4.0,,,
5c1ea25f-5f42-3e1c-a2b6-91ec3c505b1c,,0.0,0.0,0.0,0.0,0.0,0.0,,credible alliance,1211000.0,,,122100.0,,,12,,,,,,,,,
44b12f51-53f7-3cec-bad6-cb8cbcc47190,,0.0,0.0,0.0,0.0,0.0,0.0,,Aga khan Foundation,1211000.0,,,122100.0,,,12,,,,,,,,,
10077426-ec63-3024-b64d-41902714b232,,0.0,0.0,0.0,0.0,0.0,0.0,"Other Domestic NGOs, Other Foreign NGOs, Domestic Companies",Credible Alliance,1211000.0,,,122100.0,,,12,,,,,,,,,
0a793849-a8e5-3bbe-b78d-e631d0945a4f,,900000.0,0.0,1600000.0,0.0,0.0,0.0,Resident Individuals,HelpYourNGO Foundation,219528000.0,,,219528000.0,,,22,16,,24,,,18.0,,,
94fbedfc-2874-39b4-bc01-86605f379af3,,0.0,0.0,0.0,0.0,0.0,0.0,,Indian Institute of Corporate Affairs,1250000.0,,,1223000.0,,,12,,,,,,,,,
64553eb8-0104-3479-96c7-a3e633386f38,,0.0,0.0,0.0,0.0,0.0,0.0,,Indian Institute of Corporate Affairs,1250000.0,,,1223000.0,,,12,,,,,,,,,
1217b705-1cac-3e6f-81d3-68ab1c96d30b,,0.0,0.0,0.0,0.0,0.0,0.0,,Indian Institute of Corporate Affairs,1097000.0,,,11000209.0,,,79,,,,,,,,,
ae1bb685-e475-3819-a3d0-6dca5fa4fd56,,0.0,0.0,0.0,0.0,0.0,0.0,,,1250000.0,,,1065000.0,,,5,,,,,,,,,
eab4a28e-8bf3-3bcf-a325-35d6327ee9e3,,0.0,0.0,0.0,0.0,0.0,0.0,"Other Domestic NGOs, Other Foreign NGOs, Domestic Companies","Help Your NGO foundation Southern Share, Blue Grass Community, The Food Connection UK.",1414980.0,,,1414980.0,,,14,,,,,,,,,
4242d1f2-6e48-3256-96a3-fea2cec44e1c,,0.0,0.0,0.0,0.0,0.0,0.0,,Indian Institute of Corporate Affairs,1250000.0,,,1223000.0,,,12,,,,,,,,,
2b133267-4f4b-3aa8-b7a6-b3956b6d9da5,,0.0,0.0,0.0,0.0,0.0,0.0,,,940000.0,,,6667068.0,,,12,,,100,,,,,,
7454f011-6497-334b-ba37-60cb4d5f557f,,0.0,0.0,0.0,0.0,0.0,0.0,,Unknown,0.0,,,3400000.0,,,18,10,,12,,,14.0,,,
8116abc4-4e2b-3812-b7dc-79e73943831a,,0.0,0.0,0.0,0.0,0.0,0.0,,Indian Institute of Corporate Affairs,1250000.0,,,1223000.0,,,12,,,,,,,,,
fa541951-1362-3bcc-8ac1-6d00bb114d06,,0.0,0.0,0.0,0.0,0.0,0.0,,Indian Institute of Corporate Affairs,1097000.0,,,11000209.0,,,12,,,,,,,,,
c10102c3-a458-3e0b-9c97-3b02e03022cc,,0.0,0.0,0.0,0.0,0.0,0.0,"Other Foreign NGOs, Foreign Companies","Essar Foundation, Taj Group of Hotels, Tata",10970000.0,,,11000209.0,,,12,,,,,,,,,
42711bb6-232a-3155-98f0-dfb074aeb9f2,,0.0,0.0,0.0,0.0,0.0,0.0,,Indian Institute of Corporate Affairs,1250000.0,,,1223000.0,,,12,,,,,,,,,
8694f559-59ae-37b6-b2c5-520d22b12333,,0.0,,0.0,0.0,0.0,0.0,,,,,,27310000.0,,,12,,,,,,,,,
8aa185be-de38-3d42-971c-8101e6e173d6,,0.0,0.0,0.0,0.0,0.0,0.0,,unknown,0.0,,,0.0,,,6,2,,2,,,2.0,,,
3484bf92-039c-373f-b6ef-b1cdcef873b4,,0.0,0.0,0.0,0.0,0.0,0.0,"Other Domestic NGOs, Other Foreign NGOs, Domestic Companies",Indian Institute of Corporate Affairs,1250000.0,,,1223000.0,,,12,,,,,,,,,
0fdc8161-08bf-3335-aa8c-05bdb3173b2b,,0.0,0.0,0.0,0.0,0.0,0.0,,credible alliance,1250000.0,,,1065000.0,,,12,,,,,,,,,
8d55d71c-aae5-33ad-a98f-3ea768d4887e,,0.0,0.0,0.0,0.0,0.0,0.0,,credible alliance,1097000.0,,,1223000.0,,,14,,,,,,,,,
bc2c6cfe-8c88-35d9-87b5-746d80e84782,,0.0,0.0,0.0,0.0,0.0,0.0,"Other Domestic NGOs, Other Foreign NGOs, Domestic Companies",Indian Institute of Corporate Affairs,1250000.0,,,1223000.0,,,12,,,,,,,,,
628c7f22-84e2-3b43-b6e9-ff361f3a056a,,0.0,0.0,0.0,0.0,0.0,0.0,,credible alliance,10970000.0,,,27310000.0,,,8,,,,,,,,,
52947bb9-0a33-3ce3-a0b7-7023f6a07981,,0.0,0.0,0.0,0.0,0.0,0.0,,Indian Institute of Corporate Affairs,10970000.0,,,1223000.0,,,12,,,,,,,,,
f8ab2782-b467-391d-8c83-f38de87a3078,,0.0,0.0,0.0,0.0,0.0,0.0,,Indian Institute of Corporate Affairs,10970000.0,,,11000209.0,,,12,,,,,,,,,
f677f096-6b93-3550-bad8-04a48f0358d3,,0.0,,0.0,0.0,0.0,0.0,,,,,,2000750.0,,,12,,,,,,,,,
2c2b7eae-9c10-376d-ab49-8bf56a471d3b,,0.0,0.0,0.0,0.0,0.0,0.0,"Other Domestic NGOs, Other Foreign NGOs",Indian Institute of Corporate Affairs,1250000.0,,,1223000.0,,,12,,,,,,,,,
ac91b5e9-b6d2-32d7-97eb-dd330f79bc0a,,0.0,0.0,0.0,0.0,0.0,0.0,"Government Bodies, Other Domestic NGOs",Indian Institute of Corporate Affairs,1250000.0,,,1223000.0,,,12,,,,,,,,,
661c2f13-9e0c-3e41-b7c1-ee37afcc789f,,0.0,0.0,0.0,0.0,0.0,0.0,,Indian Institute of Corporate Affairs,1250000.0,,,1223000.0,,,12,,,,,,,,,
18821b34-4820-3fe6-adec-3ac616a6cdef,,0.0,0.0,0.0,0.0,0.0,0.0,,Indian Institute of Corporate Affairs,10970000.0,,,11000209.0,,,10,,,,,,,,,
8381060d-b7f7-32ee-9815-9616c213939c,,0.0,0.0,0.0,0.0,0.0,0.0,"Other Domestic NGOs, Other Foreign NGOs, Domestic Companies",Indian Institute of Corporate Affairs,1250000.0,,,1223000.0,,,12,,,,,,,,,
6dd9af24-8a61-3232-8e02-fd693a1cb830,,0.0,0.0,0.0,0.0,0.0,0.0,,Indian Institute of Corporate Affairs,1250000.0,,,1223000.0,,,12,,,,,,,,,
6c654920-caad-3fef-bc2c-10979536920f,,0.0,0.0,0.0,0.0,0.0,0.0,,"BBC News, Aljazeera, DW the Gaurdian",1250000.0,,,6667068.0,,,14,,,170,,,,,,
b92c5ea9-e6cf-3743-a43c-d34162eebd13,,0.0,0.0,0.0,0.0,0.0,0.0,,credible alliance,1250000.0,,,2000750.0,,,42,,,11,,,,,,
c44ee6c2-823e-383d-9e4f-c007867b507c,,0.0,0.0,0.0,0.0,0.0,0.0,,unknown,0.0,,,0.0,,,6,4,,12,,,2.0,,,
b0719bcb-56dc-3eb2-b232-b9a40b3b30e7,,0.0,0.0,0.0,0.0,0.0,0.0,"Government Bodies, Other Domestic NGOs, Other Foreign NGOs",Indian Institute of Corporate Affairs,1250000.0,,,1223000.0,,,12,,,,,,,,,
54d6310b-3b41-3715-8e78-041b0b65b00b,,0.0,0.0,0.0,0.0,0.0,0.0,,unknown,0.0,,,1223000.0,,,12,8,,10,,,10.0,,,
8b475720-a230-3cf6-82f6-32ace4167a98,,0.0,0.0,0.0,0.0,0.0,0.0,"Other Domestic NGOs, Other Foreign NGOs",Indian Institute of Corporate Affairs,1250000.0,,,1000000.0,,,12,,,,,,,,,
6a87f972-2b2c-352d-98ba-80c94f24af98,,0.0,0.0,0.0,0.0,0.0,0.0,,"Humming Bird Foundation,iPartner, NOVO Foundation,Forbes Marshall,Suzlon Foundation",21113500.0,,,122100.0,,,11,,,,,,,,,
ce07ef86-901d-3a53-b0ec-4875eb0138f4,,200.0,44444.0,200.0,200.0,200.0,200.0,Other Domestic NGOs,222,23.0,,,2000.0,,,"5,557","47,447",,22,,,2.0,,,
a588cf49-0eda-3139-89ca-1fdaa5d6b8bb,,0.0,0.0,0.0,0.0,0.0,0.0,,Indian Institute of Corporate Affairs,1097000.0,,,11000209.0,,,12,,,,,,,,,
dd445ee0-a7be-38e3-b327-5cebfc6dc8ac,,0.0,0.0,0.0,0.0,0.0,0.0,"Other Domestic NGOs, Other Foreign NGOs, Domestic Companies",Indian Institute of Corporate Affairs,1250000.0,,,1223000.0,,,12,,,,,,,,,
b8815abf-45d0-3134-81d2-2ec86e598107,,0.0,0.0,0.0,0.0,0.0,0.0,,Indian Institute of Corporate Affairs,1250000.0,,,1223000.0,,,12,,,,,,,,,
c99c208a-b6d9-3556-8df2-c03964a521c1,,0.0,0.0,0.0,0.0,0.0,0.0,"Other Domestic NGOs, Other Foreign NGOs, Domestic Companies",Indian Institute of Corporate Affairs,1250000.0,,,1223000.0,,,12,,,,,,,,,
8fa2f4ff-7644-3382-97cb-cbeb91b19356,,0.0,0.0,0.0,0.0,0.0,0.0,,Indian Institute of Corporate Affairs,10970000.0,,,11000209.0,,,12,,,,,,,,,
71744ac4-499b-3327-b7e7-d8258485c8a1,,0.0,0.0,0.0,0.0,0.0,0.0,,Indian Institute of Corporate Affairs,1250000.0,,,1223000.0,,,5,,,,,,,,,
f1253fbd-c6ad-33ff-8736-ed2bf82e29a3,,0.0,0.0,0.0,0.0,0.0,0.0,,Unknown,0.0,,,880000.0,,,8,2,,4,,,4.0,,,
2f1e9805-4099-31f3-952d-1f9ed4de33dd,,0.0,0.0,0.0,0.0,0.0,0.0,,credible alliance,307000.0,,,4031958.0,,,5,,,,,,,,,
d578beeb-29e3-3371-bb86-f82ac49a0030,,0.0,0.0,0.0,0.0,0.0,0.0,"Government Bodies, Other Domestic NGOs, Other Foreign NGOs",Indian Institute of Corporate Affairs,1250000.0,,,1223000.0,,,12,,,,,,,,,
4f7a28a1-e3a8-3c7c-9fcb-9160b0386cc2,,0.0,0.0,0.0,0.0,0.0,0.0,,Indian Institute of Corporate Affairs,10970000.0,,,1065000.0,,,12,,,,,,,,,
d6b10b6c-d57e-36a6-8ed9-e3ed6eb9fc12,,0.0,0.0,0.0,0.0,0.0,0.0,"Other Foreign NGOs, Foreign Companies","Nike Foundation, Human Dignity Foundation, MacAuthor Foundation, Western Union, UBS, Global Giving",12500000.0,,,20052060.0,,,70,,,,,,,,,
059583bc-448f-3d7b-927a-2b20899193dd,,0.0,0.0,0.0,0.0,0.0,0.0,,,1250000.0,,,1223000.0,,,12,,,,,,,,,
85b85a70-1855-31ee-bae3-5599d97ac4d4,,0.0,0.0,0.0,0.0,0.0,0.0,,Indian Institute of Corporate Affairs,1800000.0,,,2000750.0,,,12,,,,,,,,,
2c120e86-031a-3ab5-9b66-5acfc058efce,,0.0,0.0,0.0,0.0,0.0,0.0,"Other Domestic NGOs, Other Foreign NGOs, Domestic Companies Government Bodies, Other Domestic NGOs, Domestic Companies, Foreign Companies","Indian Institute of Corporate Affairs Credible Alliance , WHO, UNCS/ECO-SOC, Give India, Global Giving U.S.A, Peace Trust, Swim International",2650000.0,,,2650000.0,,,12,6,,,,,,,,
162235c8-8af0-3f51-b39a-caa72e29cc8b,,0.0,0.0,0.0,0.0,0.0,0.0,"Other Domestic NGOs, Other Foreign NGOs, Domestic Companies",credible alliance,56888300.0,,,56888348.0,,,12,,,,,,,,,
b7d3fb86-f87b-3864-aae3-ef806907e100,,0.0,0.0,0.0,0.0,0.0,0.0,"Other Domestic NGOs, Other Foreign NGOs",Indian Institute of Corporate Affairs,1250000.0,,,1223000.0,,,12,,,,,,,,,
7ada55cb-7d74-30dc-a9f3-85effaadffef,,0.0,0.0,0.0,0.0,0.0,0.0,,unkown,850000.0,,,1800000.0,,,16,14,,6,,,8.0,,,
e32dd993-bd80-3c77-a1bb-3198364f483a,,0.0,0.0,0.0,0.0,0.0,0.0,,Institute of Corporate Affairs,1211000.0,,,122100.0,,,12,,,,,,,,,
5b7dc2d7-eec2-33c6-b875-d880c53637c9,,0.0,,0.0,0.0,0.0,0.0,,,,,,0.0,,,,,,,,,,,,
17877696-0870-3755-9d9a-9f7a6d7eaca4,,0.0,0.0,0.0,0.0,0.0,0.0,,Indian Institute of Corporate Affairs,1250000.0,,,1065000.0,,,5,,,,,,,,,
a2c3e43a-cee0-3eac-9091-4cab6eae24b0,,0.0,0.0,0.0,0.0,0.0,0.0,,Indian Institute of Corporate Affairs,10970000.0,,,11000209.0,,,12,,,,,,,,,
dd4396c9-7b80-3144-9ac5-48d26956e285,,0.0,0.0,0.0,0.0,0.0,0.0,,Unkown,0.0,,,4800000.0,,,24,18,,24,,,14.0,,,
48be5df9-2811-3207-888f-af511a7a83bb,,0.0,0.0,0.0,0.0,0.0,0.0,"Other Domestic NGOs, Other Foreign NGOs",Indian Institute of Corporate Affairs,1250000.0,,,1223000.0,,,12,,,,,,,,,
b905e2b4-f98c-3856-912c-82155a6d4b3c,,0.0,0.0,0.0,0.0,0.0,0.0,Other Domestic NGOs,Indian Institute of Corporate Affairs,10970000.0,,,11000209.0,,,12,,,,,,,,,
0dd4e598-b360-3707-a6a2-313b85dd375c,,0.0,0.0,0.0,0.0,0.0,0.0,,Indian Institute of Corporate Affairs,1250000.0,,,1223000.0,,,12,,,,,,,,,
3551a919-bff2-3676-8142-0089ba81a1c4,,0.0,0.0,0.0,0.0,0.0,0.0,,credible alliance,1250000.0,,,122300.0,,,4,,,,,,,,,
bda159e3-510d-3b15-9545-8527151e2424,,0.0,0.0,0.0,0.0,0.0,0.0,,Indian Institute of Corporate Affairs,1097000.0,,,1223000.0,,,12,,,,,,,,,
e9573f2c-dcb6-3a3c-89fe-4569f6753629,,0.0,0.0,0.0,0.0,0.0,0.0,"Other Domestic NGOs, Other Foreign NGOs, Domestic Companies",credible alliance,1250000.0,,,1200000.0,,,12,,,,,,,,,
cf71e849-727d-3e4b-a1c5-f38b930851e7,,0.0,0.0,0.0,0.0,0.0,0.0,,Indian Institute of Corporate Affairs,1250000.0,,,1223000.0,,,12,,,,,,,,,
011d6b27-8580-3e7d-8035-7227065b531b,,26187180.0,0.0,16633968.0,0.0,0.0,0.0,,credible alliance,1250000.0,,,30700000.0,,,12,,,,,,,,,
706717e9-14ff-34f4-a393-75358627f3e5,,0.0,0.0,0.0,0.0,0.0,0.0,,Indian Institute of Corporate Affairs,1097000.0,,,1065000.0,,,8,,,,,,,,,
e5f6bc30-4abd-3607-bf54-972ed79a1fbf,,0.0,0.0,0.0,0.0,0.0,0.0,"Other Domestic NGOs, Other Foreign NGOs, Domestic Companies",credible alliance,3813600.0,,,3813600.0,,,12,,,,,,,,,
cd2368af-9e82-37ff-b377-c9dcbf1911bb,,0.0,0.0,0.0,0.0,0.0,0.0,,Indian Institute of Corporate Affairs,1250000.0,,,1223000.0,,,12,,,,,,,,,
f6ec960a-b748-3fb5-a422-015aa772cef6,,0.0,0.0,0.0,0.0,0.0,0.0,"Other Domestic NGOs, Other Foreign NGOs",credible alliance,1250000.0,,,1223000.0,,,12,,,,,,,,,
f6c16702-471c-3419-b3ff-c557511baabf,,0.0,0.0,0.0,0.0,0.0,0.0,,credible alliance,1097000.0,,,21835980.0,,,12,,,,,,,,,
4024fe15-cdf7-3f55-9507-4858501c0af7,,0.0,0.0,0.0,0.0,0.0,0.0,"Other Domestic NGOs, Other Foreign NGOs, Domestic Companies",Indian Institute of Corporate Affairs,1250000.0,,,1223000.0,,,12,,,,,,,,,
1b3de2cc-b294-3fd8-b120-f84885a9c6c7,,0.0,0.0,0.0,0.0,0.0,0.0,,Indian Institute of Corporate Affairs,1250000.0,,,1223000.0,,,12,,,,,,,,,
b98628cc-c04a-39d2-bb01-ec6abdb16662,,0.0,0.0,0.0,0.0,0.0,0.0,,Indian Institute of Corporate Affairs,10970000.0,,,1223000.0,,,12,,,,,,,,,
506c0492-982c-31cd-a373-94314bec5d2a,,0.0,0.0,0.0,0.0,0.0,0.0,"Other Domestic NGOs, Domestic Companies, Foreign Companies",credible alliance,152464000.0,,,152464305.0,,,12,,,,,,,,,
14ae2702-4381-3101-a203-152fb1e794ba,,0.0,0.0,0.0,0.0,0.0,0.0,,credible alliance,1097000.0,,,2000750.0,,,4,,,,,,,,,
cd72e36a-8aa5-3b63-be24-edb85e2e1307,,0.0,0.0,0.0,0.0,0.0,0.0,,Indian Institute of Corporate Affairs,1250000.0,,,1223000.0,,,12,,,,,,,,,
d5e78b3d-c31a-39be-867a-4268abe8d10b,,0.0,0.0,0.0,0.0,0.0,0.0,,credible alliance,7543500.0,,,540000.0,,,17,,,,,,,,,
4e0f4bb8-9234-3b0c-93a5-0c4cc38eeb87,,0.0,0.0,0.0,0.0,0.0,0.0,,"British Council, National Rural Development Council Government of India,Nabard,Small Industries Development Bank Of India",1211000.0,,,1860225.0,,,12,,,,,,,,,
6ec34414-8064-36eb-9268-1c02333def19,,0.0,0.0,0.0,0.0,0.0,0.0,,credible alliance,1250000.0,,,1223000.0,,,12,,,,,,,,,
90e4bf34-61de-3117-a990-993ea6b174f5,,0.0,0.0,0.0,0.0,0.0,0.0,,Indian Institute of Corporate Affairs,1250000.0,,,1223000.0,,,12,,,,,,,,,
45055e44-90bc-33e3-a831-470c5be4fe50,,0.0,0.0,0.0,0.0,0.0,0.0,,,1250000.0,,,1223000.0,,,12,4,,,,,,,,
79d5a0b1-41d8-3f6e-bf95-e5d97f73d88e,,0.0,0.0,0.0,0.0,0.0,0.0,"Other Domestic NGOs, Domestic Companies, Foreign Companies",credible alliance,4250000.0,,,4250000.0,,,12,,,,,,,,,
24205a0f-8ba6-3e33-8481-22b35f30d69e,,0.0,0.0,0.0,0.0,0.0,0.0,,Indian Institute of Corporate Affairs,1250000.0,,,1223000.0,,,12,,,,,,,,,
04a7f722-7af2-38c2-a9a0-245f413a92ca,,0.0,0.0,0.0,0.0,0.0,0.0,"Government Bodies, Other Domestic NGOs",Indian Institute of Corporate Affairs,1250000.0,,,1223000.0,,,12,,,,,,,,,
ee04af2e-c552-3d61-8230-1ef3c9604a3f,,0.0,0.0,0.0,0.0,0.0,0.0,"Other Domestic NGOs, Other Foreign NGOs, Domestic Companies",credible alliance,49030800.0,,,49030766.0,,,12,,,,,,,,,
5bae2024-617d-3c98-adec-2ba2c4f17fe1,,0.0,0.0,0.0,0.0,0.0,0.0,"Other Domestic NGOs, Other Foreign NGOs, Domestic Companies",credible alliance,85000000.0,,,85000000.0,,,12,,,,,,,,,
01cc8848-a29d-3054-872c-9895e83fb18b,,0.0,0.0,0.0,0.0,0.0,0.0,,Unknown,0.0,,,3500000.0,,,15,15,,10,,,10.0,,,
783fb319-8a05-3885-81e6-0776880b7f19,,0.0,0.0,0.0,0.0,0.0,0.0,,Tech Mahindra,1097000.0,,,2000750.0,,,12,,,,,,,,,
8782fb5f-4d55-390e-9bd5-49296119af96,,0.0,0.0,122876.0,0.0,0.0,0.0,,Indian Institute of Corporate Affairs,1250000.0,,,1223000.0,,,12,,,,,,,,,
3dc7f18e-9455-3a2b-9c0c-22e5a6e0f6b7,,0.0,0.0,0.0,0.0,0.0,0.0,"Government Bodies, Other Foreign NGOs",Indian Institute of Corporate Affairs,1250000.0,,,1223000.0,,,12,,,,,,,,,
4e462b1d-8f9d-30c6-bb6c-73c13c395cee,,0.0,0.0,0.0,0.0,0.0,0.0,,"Mahindra Trust , Credible Alliance",1250000.0,,,1223000.0,,,12,,,,,,,,,
ac0e92c5-1923-3c52-a089-2208592c5824,,0.0,0.0,0.0,0.0,0.0,0.0,,Indian Institute of Corporate Affairs,1250000.0,,,1223000.0,,,12,,,,,,,,,
9e514a93-8969-3f29-8b75-041831e61f24,,0.0,0.0,0.0,0.0,0.0,0.0,"Other Domestic NGOs, Domestic Companies, Foreign Companies",credible alliance,1568130.0,,,1568132.0,,,12,,,,,,,,,
bf37c164-aa29-3692-9f10-e74d41acc1a7,,0.0,0.0,0.0,0.0,0.0,0.0,,Indian Institute of Corporate Affairs,10970000.0,,,1065000.0,,,12,,,,,,,,,
af5250fa-3a63-371e-bf38-dbe311ed5f10,,0.0,0.0,0.0,0.0,0.0,0.0,,Indian Institute of Corporate Affairs,1250000.0,,,1223000.0,,,12,,,,,,,,,
2fa27fa3-a60d-3a85-b18d-41f599ce6ece,,0.0,0.0,0.0,0.0,0.0,0.0,"Other Domestic NGOs, Other Foreign NGOs, Domestic Companies",Indian Institute of Corporate Affairs,1250000.0,,,1223000.0,,,230,,,100,,,,,,
33006dec-25e9-3fcd-884a-91a39320f9af,,0.0,0.0,0.0,0.0,0.0,0.0,,Indian Institute of Corporate Affairs,1250000.0,,,1223000.0,,,12,,,,,,,,,
69dd6caf-ea7e-3c5f-873f-27a1189cd1ff,,0.0,0.0,0.0,0.0,0.0,0.0,,Indian Institute of Corporate Affairs,1250000.0,,,1223000.0,,,12,,,,,,,,,
67a6b5cc-0a39-3a13-a59d-6a38fe4f7a5e,,0.0,0.0,0.0,0.0,0.0,0.0,,Indian Institute of Corporate Affairs,1250000.0,,,1223000.0,,,12,,,,,,,,,
624b3878-c59a-35ed-95e6-25a0419c20af,,0.0,0.0,0.0,0.0,0.0,0.0,,unknown,0.0,,,0.0,,,20,10,,12,,,8.0,,,
28bbab13-5802-30cb-a7dc-ee9fd4b90365,,0.0,0.0,0.0,0.0,0.0,0.0,,credible alliance,307000.0,,,1223000.0,,,5,,,,,,,,,
363370d5-addf-3a60-80da-caf7c47100f4,,0.0,0.0,0.0,0.0,0.0,0.0,"Other Domestic NGOs, Other Foreign NGOs, Domestic Companies",credible alliance,30700000.0,,,30700000.0,,,12,,,,,,,,,
67a3db31-1f22-3999-8634-0ea129beb332,,0.0,0.0,0.0,0.0,0.0,0.0,,Credible Alliance,21113500.0,,,31234660.0,,,11,,,7,,,,,,
65b27215-4b42-391e-b182-0c62d13873e9,,0.0,0.0,0.0,0.0,0.0,0.0,,Indian Institute of Corporate Affairs,10970000.0,,,11000209.0,,,14,,,,,,,,,
53c6e0b4-136a-3d10-9c12-80d49dac4aab,,0.0,0.0,0.0,0.0,0.0,0.0,,Indian Institute of Corporate Affairs,10970000.0,,,1065000.0,,,12,,,,,,,,,
ff867d9d-8167-3cff-8917-f0ef502de8dd,,0.0,0.0,0.0,0.0,0.0,0.0,,Indian Institute of Corporate Affairs,1097000.0,,,1100000.0,,,12,,,,,,,,,
e9e1aaf8-fec1-3cef-85ab-0f3c16c26edd,,0.0,0.0,0.0,0.0,0.0,0.0,,,1250000.0,,,1223000.0,,,12,,,,,,,,,
e375fe60-695b-3a22-a77b-05f78824d22c,,0.0,0.0,0.0,0.0,0.0,0.0,,Indian Institute of Corporate Affairs,5688830.0,,,6667068.0,,,12,,,,,,,,,
3993e09a-38a0-3405-8bd0-ea0f0d63008a,,0.0,0.0,0.0,0.0,0.0,0.0,,Indian Institute of Corporate Affairs,1250000.0,,,1223000.0,,,12,,,,,,,,,
ae94d5c8-9c2e-30b1-b1a2-e4c58e104ba9,,0.0,,0.0,0.0,0.0,0.0,,,,,,1065000.0,,,12,,,,,,,,,
afe1debc-7c00-3522-a274-e39f760d6e3d,,0.0,0.0,0.0,0.0,0.0,0.0,,"Asian Paints, Bank of America, Barclays, Bloomberg, BMW India, Feisted School, GAIL India Limited",1097000.0,,,1065000.0,,,12,,,,,,,,,
3a9e0c52-b225-3077-beaa-2222daeb77e3,,0.0,0.0,0.0,0.0,0.0,0.0,,Indian Institute of Corporate Affairs,1250000.0,,,1223000.0,,,12,,,,,,,,,
d4ff59a6-60bb-306f-a0f6-bdd425f6c590,,0.0,0.0,0.0,0.0,0.0,0.0,"Other Domestic NGOs, Other Foreign NGOs, Domestic Companies",Credible Alliance,4209590.0,,,4209592.0,,,15,,,,,,,,,
93da71a7-9f9c-3d35-8abb-460d4e20de25,,0.0,0.0,0.0,0.0,0.0,0.0,,unknown,0.0,,,1065000.0,,,8,6,,2,,,3.0,,,
43502beb-0ff9-33c7-9bee-87502334885f,,0.0,0.0,0.0,0.0,0.0,0.0,,Indian Institute of Corporate Affairs,1250000.0,,,1223000.0,,,12,,,,,,,,,
14da1dcb-c5e4-3220-8f60-fc1945c1d722,,0.0,0.0,0.0,0.0,0.0,0.0,,Indian Institute of Corporate Affairs,1250000.0,,,1223000.0,,,12,,,,,,,,,
be5b3ef7-a446-3c97-980c-b0372a4a09ed,,0.0,0.0,0.0,0.0,0.0,0.0,,credible alliance,5688830.0,,,4209592.0,,,25,,,,,,,,,
83fc9105-9e46-35fb-9514-43421ac23fd9,,0.0,0.0,0.0,0.0,0.0,0.0,"Other Domestic NGOs, Other Foreign NGOs, Domestic Companies",credible alliance,550000.0,,,550000.0,,,12,,,,,,,,,
7a020eb5-98d9-3bad-b749-6ef3c8b41285,,0.0,0.0,0.0,0.0,0.0,0.0,"Other Domestic NGOs, Other Foreign NGOs",impact foundation india,11000200.0,,,11000209.0,,,14,,,,,,,,,
1c703e7f-5895-33bd-b8d1-5f09aef5bb42,,0.0,0.0,0.0,0.0,0.0,0.0,,credible alliance,16800000.0,,,1223000.0,,,12,,,,,,,,,
2398f412-a0a3-3b74-bbd9-ad501994f1e6,,0.0,0.0,0.0,0.0,0.0,0.0,,Indian Institute of Corporate Affairs,1250000.0,,,1000000.0,,,12,,,,,,,,,
6fb019a0-ef79-3077-a257-2028ee9a92c1,,0.0,0.0,0.0,0.0,0.0,0.0,,credible alliance,3070000.0,,,6667068.0,,,5,,,,,,,,,
b88f748f-279a-34aa-ad5b-298a72a34dc9,,0.0,0.0,0.0,0.0,0.0,0.0,,Indian Institute of Corporate Affairs,1250000.0,,,1223000.0,,,12,,,,,,,,,
e18aa0bd-92cc-315b-bfbb-1c098d98706f,,0.0,0.0,0.0,0.0,0.0,0.0,,skill and development,1250000.0,,,1223000.0,,,12,,,,,,,,,
402c499b-79b2-3116-9c62-dc16086bbd34,,0.0,0.0,0.0,0.0,0.0,0.0,"Other Domestic NGOs, Other Foreign NGOs",credible alliance,2400000.0,,,2400000.0,,,12,,,,,,,,,
7db7f843-c46b-31a0-a5ea-e443f828370c,,0.0,0.0,0.0,0.0,0.0,0.0,,credible alliance,4000000.0,,,4209592.0,,,16,,,,,,,,,
fe8cd063-b440-349a-ac93-fc69ec5f6792,,0.0,0.0,0.0,0.0,0.0,0.0,"Other Domestic NGOs, Other Foreign NGOs, Domestic Companies",Impact Foundation,34064700.0,,,34064700.0,,,25,,,,,,,,,
b05ed7d2-e4a5-38e0-b41a-d06e39b8c63e,,0.0,0.0,0.0,0.0,0.0,0.0,,credible alliance,1680000.0,,,1065000.0,,,12,,,,,,,,,
a4c9b799-ee67-3508-810d-dbfd9bdcd3c8,,0.0,0.0,0.0,0.0,0.0,0.0,,aga khan foundation,1250000.0,,,1000000.0,,,12,,,,,,,,,
12f12d71-fa3d-3f1c-8bd9-d15a8f6dfab8,,0.0,0.0,0.0,0.0,0.0,0.0,"Other Domestic NGOs, Other Foreign NGOs, Domestic Companies",credible alliance,940000.0,,,940000.0,,,16,,,,,,,,,
fd09042e-efca-32d4-ad34-c993cdc55331,,0.0,0.0,0.0,0.0,0.0,0.0,,credible alliance,970000.0,,,1223000.0,,,16,,,,,,,,,
6bc71bde-0a78-3b48-b509-92e110c12f6b,,0.0,0.0,0.0,0.0,0.0,0.0,,Indian Institute of Corporate Affairs,1250000.0,,,1223000.0,,,4,,,,,,,,,
f3f54c11-33d3-3d23-90aa-8cc0a2b778db,,0.0,0.0,0.0,0.0,0.0,0.0,"Government Bodies, Other Domestic NGOs, Domestic Companies",credible alliance,32000000.0,,,32000000.0,,,4,,,,,,,,,
1759c914-b306-3c16-a709-70fb6438cd9d,,0.0,0.0,0.0,0.0,0.0,0.0,"Other Domestic NGOs, Other Foreign NGOs, Domestic Companies",Indian Institute of Corporate Affairs,1250000.0,,,1223000.0,,,12,,,,,,,,,
55feb152-bcb9-38be-8c3e-ce34d3e093c6,,0.0,0.0,0.0,0.0,0.0,0.0,,Indian Institute of Corporate Affairs,1250000.0,,,1223000.0,,,12,,,,,,,,,
72a03920-d359-3444-9810-080765889b8b,,0.0,0.0,0.0,0.0,0.0,0.0,,credible alliance,1107000.0,,,1065000.0,,,12,,,,,,,,,
d9e359c0-2782-37a3-868e-6b8b2b58e424,,0.0,0.0,0.0,0.0,0.0,0.0,"Other Domestic NGOs, Domestic Companies, Foreign Companies",Help Your NGO foundation,8250000.0,,,8250000.0,,,42,,,,,,,,,
aa66d55d-8670-332f-a277-6b6b7a1a7ab6,,0.0,0.0,0.0,0.0,0.0,0.0,,unknown,0.0,,,2500000.0,,,15,4,,10,,,5.0,,,
00699ba0-2e6f-3518-807d-5ddca727b19c,,0.0,0.0,0.0,0.0,0.0,0.0,,credible alliance,1250000.0,,,1223000.0,,,12,,,,,,,,,
23682b3f-7c0a-3ee4-be4f-1eb341b35779,,0.0,0.0,0.0,0.0,0.0,0.0,"Other Domestic NGOs, Other Foreign NGOs, Domestic Companies",Indian Institute of Corporate Affairs,170000.0,,,1223000.0,,,12,,,,,,,,,
06f5fead-bb9b-36a9-aab6-ab1188e0ce30,,0.0,0.0,0.0,0.0,0.0,0.0,,Indian Institute of Corporate Affairs,1250000.0,,,1223000.0,,,12,,,,,,,,,
7fac1295-681a-3c54-a01d-d2f742260f57,,0.0,0.0,0.0,0.0,0.0,0.0,,Vigyan Foundation,1250000.0,,,27310000.0,,,12,,,,,,,,,
16603aba-51cd-38f3-8b31-1cd3388ce875,,0.0,0.0,0.0,0.0,0.0,0.0,,Indian Institute of Corporate Affairs,1250000.0,,,1223000.0,,,12,,,,,,,,,
7671ecd2-159c-385e-b17c-35ea29e32210,,0.0,0.0,0.0,0.0,0.0,0.0,,Indian Institute of Corporate Affairs,1097000.0,,,1065000.0,,,12,,,,,,,,,
f1af832f-550a-3517-ba1d-088988ffb050,,0.0,0.0,0.0,0.0,0.0,0.0,,unknown,0.0,,,0.0,,,6,5,,2,,,4.0,,,
529516fb-9517-3f64-b513-39e93bcd8344,,0.0,,0.0,0.0,0.0,0.0,,,,,,3300000.0,,,,,,,,,,,,
b20f8670-097c-3cc5-9b28-094cb1cfeae8,,0.0,0.0,0.0,0.0,0.0,0.0,"Government Bodies, Other Foreign NGOs, Domestic Companies Other Domestic NGOs, Other Foreign NGOs, Domestic Companies, Foreign Companies","Impact Foundation India Schindler, Microsoft, Kohler, KPMG, DLF Foundation, UNICEF, CRY & Give India",54000000.0,,,54000000.0,,,128,,,,,,,,,
294337b2-8c1e-3f47-96b7-8e712c5a6b53,,0.0,0.0,0.0,0.0,0.0,0.0,,Indian Institute of Corporate Affairs,1250000.0,,,1223000.0,,,12,,,,,,,,,
fc29da5d-79a8-3167-a16e-532db24d26b8,,0.0,0.0,0.0,0.0,0.0,0.0,"Other Domestic NGOs, Other Foreign NGOs, Domestic Companies",credible alliance,2000750.0,,,2000750.0,,,12,,,,,,,,,
d35bd538-ca14-39d8-a830-e15a302919fb,,0.0,0.0,0.0,0.0,0.0,0.0,,Indian Institute of Corporate Affairs,1250000.0,,,1223000.0,,,12,,,,,,,,,
14c1673a-0eef-36f6-810c-093caed11ade,,0.0,0.0,0.0,0.0,0.0,0.0,,credible alliance,1150000.0,,,1150000.0,,,21,,,,,,,,,
b338c1b1-d018-3c6e-b63e-78729851758f,,0.0,0.0,0.0,0.0,0.0,0.0,,"Oak Foundation, Google, Ministry of foreign affairs of netherlands",1250000.0,,,11000209.0,,,12,,,,,,,,,
6a0530bc-75d4-3979-a159-a0276421edbd,,0.0,0.0,0.0,0.0,0.0,0.0,,"Global Giving, India Cares, Freedom for Hunger, Umang Dairies, CAF India, Water Aid.",16800000.0,,,1065000.0,,,18,,,,,,,,,
462acd0e-01f3-3456-a33b-b13dbb773e57,,0.0,0.0,0.0,0.0,0.0,0.0,,"Max India, Hotel Iris Park, PNB Bank",1250000.0,,,1223000.0,,,25,,,,,,,,,
96c7b668-c702-352d-a20f-5bce57e95b4b,,0.0,0.0,0.0,0.0,0.0,0.0,"Other Domestic NGOs, Other Foreign NGOs, Domestic Companies",credible alliance,11025000.0,,,11025000.0,,,12,,,,,,,,,
90d899e1-bbf3-3ea0-b8de-5d56d9f0fe53,,0.0,0.0,0.0,0.0,0.0,0.0,,Indian Institute of Corporate Affairs,10970000.0,,,1065000.0,,,12,,,,,,,,,
f52d81b6-1dcd-3793-b0f8-9ff7dfd6cd4f,,0.0,0.0,0.0,0.0,0.0,0.0,,Indian Institute of Corporate Affairs,1211000.0,,,215670000.0,,,12,,,,,,,,,
395a3c7b-5029-3b43-8ac3-bd8d950411e7,,0.0,0.0,0.0,0.0,0.0,0.0,,Credible Alliance,187456000.0,,,1860225.0,,,12,,,,,,,,,
b24450a4-cd39-389b-9bc1-254a1f1f42e3,,0.0,0.0,0.0,0.0,0.0,0.0,,credible alliance,576000.0,,,576000.0,,,12,,,,,,,,,
0befd5aa-c2a3-3dfc-b227-a6cb2fd0ef8a,,0.0,0.0,0.0,0.0,0.0,0.0,,Credible Alliance,1211000.0,,,1860225.0,,,12,,,,,,,,,
4e149fb6-6e6e-363c-90e8-62242a119762,,0.0,0.0,0.0,0.0,0.0,0.0,,credible alliance,5688350.0,,,550000.0,,,6,,,,,,,,,
f0de0fa5-d7b1-33ff-b47c-192582ef3fd2,,0.0,0.0,0.0,0.0,0.0,0.0,,Indian Institute of Corporate Affairs,10970000.0,,,1065000.0,,,42,,,,,,,,,
a4b0c29e-0031-3905-96cc-c71cf47ecadd,,0.0,0.0,0.0,0.0,0.0,0.0,,credible alliance,21786700.0,,,2000750.0,,,12,,,,,,,,,
d0076dac-b179-3cec-b3a8-2041ff512bd4,,72430000.0,0.0,71560000.0,0.0,0.0,0.0,"Other Domestic NGOs, Other Foreign NGOs, Domestic Companies N/A","Indian Institute of Corporate Affairs CAF India, Freedom for Hunger, Water Aid,",56888300.0,,,1223000.0,,,12,,,,,,,,,
3f236ebd-3168-3c8f-ac77-aa1e1d5f4878,,0.0,0.0,0.0,0.0,0.0,0.0,,Indian Institute of Corporate Affairs,170000.0,,,1223000.0,,,12,,,,,,,,,
380cafee-34b7-30b1-b0cb-b292305eb383,,0.0,0.0,0.0,0.0,0.0,0.0,,Unknown,0.0,,,3300000.0,,,5,,,,,,,,,
cce2acff-122a-3591-932e-120fbfd44ae1,,0.0,0.0,0.0,0.0,0.0,0.0,,unknown,0.0,,,0.0,,,10,12,,5,,,6.0,,,
c462329e-8f39-35b8-be8e-f2e8da82d27d,,0.0,0.0,0.0,0.0,0.0,0.0,,credible alliance,1250000.0,,,2000750.0,,,4,,,,,,,,,
a942f06d-cdc9-35b9-9819-b0f0ccad8037,,0.0,0.0,0.0,0.0,0.0,0.0,,Indian Institute of Corporate Affairs,1250000.0,,,1223000.0,,,12,,,,,,,,,
c01f4c1a-ddc4-3f12-9ea5-07e8c3951b33,,0.0,0.0,0.0,0.0,0.0,0.0,,Indian Institute of Corporate Affairs,10970000.0,,,11000209.0,,,5,,,,,,,,,
c09f4ca7-4ca3-325b-9040-783b66bf7600,,0.0,0.0,0.0,0.0,0.0,0.0,,credible alliance,1250000.0,,,1223000.0,,,12,,,,,,,,,
c396a6b4-a78c-3d9b-89e0-6461b1b959f9,,0.0,0.0,0.0,0.0,0.0,0.0,,Indian Institute of Corporate Affairs,10970000.0,,,1065000.0,,,12,,,,,,,,,
baa6e4fa-9fff-309c-9512-675065f7ede6,,0.0,0.0,0.0,0.0,0.0,0.0,,Indian Institute of Corporate Affairs,1250000.0,,,1223000.0,,,12,,,,,,,,,
7995e233-97b4-3641-b8e5-a7366a4f9a33,,0.0,0.0,0.0,0.0,0.0,0.0,"Other Domestic NGOs, Other Foreign NGOs",Impact Foundation,125000000.0,,,125000000.0,,,440,,,,,,,,,
4fac9295-5f90-35d8-a24b-9f9deda663ea,,0.0,0.0,0.0,0.0,0.0,0.0,,Indian Institute of Corporate Affairs,67543500.0,,,7568420.0,,,12,,,,,,,,,
9c5de782-c61e-3214-bfdc-060afe3622e2,,0.0,0.0,0.0,0.0,0.0,0.0,,aga khan foundation,1250000.0,,,1223000.0,,,12,,,,,,,,,
46d1b8e2-dfa5-37b4-831e-0c5bc818c9bd,,0.0,0.0,0.0,0.0,0.0,0.0,,unknown,0.0,,,0.0,,,10,4,,2,,,5.0,,,
35421e6f-c8cf-38b2-8e29-a02b0212bb34,,0.0,0.0,0.0,0.0,0.0,0.0,,"Water.org, NABARD,",1250000.0,,,122300.0,,,4,,,34,,,,,,
7a1543f3-f439-3119-b99d-53be35a361cc,,0.0,0.0,0.0,0.0,0.0,0.0,,Indian Institute of Corporate Affairs,1250000.0,,,1223000.0,,,12,,,,,,,,,
8a1c35ff-a7ab-38bd-8567-068f8e8cee74,,0.0,0.0,0.0,0.0,0.0,0.0,"Government Bodies, Other Foreign NGOs",Indian Institute of Corporate Affairs,21836000.0,,,21835980.0,,,12,,,,,,,,,
51967367-e781-3d3a-9a47-f8cd8277c8b8,,0.0,0.0,0.0,0.0,0.0,0.0,,credible alliance,56888300.0,,,4031958.0,,,6,,,,,,,,,
11cf99f9-e363-3c93-81bd-49bfe7ea4332,,0.0,0.0,0.0,0.0,0.0,0.0,"Other Domestic NGOs, Other Foreign NGOs, Domestic Companies",Help Your NGO foundation,4000000.0,,,4000000.0,,,5,,,,,,,,,
4f599a15-34d3-3900-8786-173c26332e1d,,0.0,0.0,0.0,0.0,0.0,0.0,"Government Bodies, Other Foreign NGOs, Domestic Companies",credible alliance,5000000.0,,,5000000.0,,,23,,,,,,,,,
9d37b43a-a23b-3022-8631-4e18997d0597,,0.0,0.0,0.0,0.0,0.0,0.0,,"Indian Institute of Corporate Affairs,RCPLA, Dialectics",1250000.0,,,1223000.0,,,12,,,,,,,,,
1873251d-55fa-377d-a755-42dfc237df72,,0.0,0.0,0.0,0.0,0.0,0.0,,Indian Institute of Corporate Affairs,1250000.0,,,1223000.0,,,12,,,,,,,,,
d759e547-e431-351b-bf01-cd817b666bec,,0.0,0.0,0.0,0.0,0.0,0.0,,Indian Institute of Corporate Affairs,10970000.0,,,1223000.0,,,12,,,,,,,,,
ad870ff5-2700-3516-a3f6-6d6cea147b55,,0.0,0.0,0.0,0.0,0.0,0.0,,Indian Institute of Corporate Affairs,2876540000.0,,,27310000.0,,,8,,,,,,,,,
082bd947-05d1-31a4-a3d6-9892f0979e8c,,0.0,0.0,0.0,0.0,0.0,0.0,,credible alliance,400000.0,,,540000.0,,,6,,,,,,,,,
7ce793a5-8a5d-3311-80f6-c7f18e1eaca7,,0.0,0.0,0.0,0.0,0.0,0.0,,aga khan foundation,1250000.0,,,1223000.0,,,12,,,,,,,,,
f8880354-f8d3-3a2e-945d-5d4367352002,,0.0,0.0,0.0,0.0,0.0,0.0,,credible alliance,1250000.0,,,1223000.0,,,12,,,,,,,,,
e0b696b8-fea8-3acf-a91e-9144a9438d96,,0.0,0.0,0.0,0.0,0.0,0.0,,Indian Institute of Corporate Affairs,1250000.0,,,1223000.0,,,12,,,,,,,,,
2b4538ba-4ad2-3080-9456-7b14b5881a2c,,0.0,,0.0,0.0,0.0,0.0,,,,,,27310000.0,,,,,,,,,,,,
888ce125-3fa0-3503-a9f0-2783fe54db26,,0.0,0.0,0.0,0.0,0.0,0.0,"Other Domestic NGOs, Other Foreign NGOs, Foreign Companies",Indian Institute of Corporate Affairs,1250000.0,,,1223000.0,,,12,,,,,,,,,
1e41e495-f801-33b5-a69b-df35991f42e7,,0.0,,0.0,0.0,0.0,0.0,,,,,,27310000.0,,,21,,,,,,,,,
fc369daa-3533-3ee7-8688-00123e3d1285,,0.0,0.0,0.0,0.0,0.0,0.0,"Other Domestic NGOs, Other Foreign NGOs, Domestic Companies",Indian Institute of Corporate Affairs,1250000.0,,,1223000.0,,,12,,,,,,,,,
30e038d3-1181-3723-8e19-5ffc9bc8827f,,0.0,0.0,0.0,0.0,0.0,0.0,,credible alliance,1097000.0,,,2400000.0,,,4,,,,,,,,,
804a550f-7323-3a62-9768-8ed501619daf,,0.0,0.0,0.0,0.0,0.0,0.0,,credible alliance,765430.0,,,636400.0,,,8,,,,,,,,,
e4919548-131d-33d5-b222-b23c98d48095,,0.0,0.0,0.0,0.0,0.0,0.0,,Indian Institute of Corporate Affairs,1250000.0,,,1223000.0,,,12,,,,,,,,,
57161dce-899b-3f5a-8bde-c0fb6a6f7e73,,0.0,0.0,0.0,0.0,0.0,0.0,,Unknown,0.0,,,0.0,,,10,5,,2,,,3.0,,,
9000a290-1725-3255-8031-a5a8c414f17a,,0.0,0.0,0.0,0.0,0.0,0.0,,Indian Institute of Corporate Affairs,1250000.0,,,1223000.0,,,12,,,,,,,,,
9440f17f-86a0-3836-971e-dd5d5480fd33,,0.0,0.0,0.0,0.0,0.0,0.0,,Indian Institute of Corporate Affairs,243334000.0,,,2000750.0,,,2,,,4,,,,,,
4d01bd47-f359-3848-99e4-c10b8c9bb83a,,0.0,0.0,0.0,0.0,0.0,0.0,,credible alliance,1250000.0,,,1223000.0,,,12,,,,,,,,,
7a724555-f53c-3cbd-9467-ee0a2e21ef9b,,0.0,0.0,0.0,0.0,0.0,0.0,"Other Domestic NGOs, Domestic Companies, Foreign Companies",Help Your NGO foundation,750000.0,,,750000.0,,,8,,,,,,,,,
a38f2a19-81f9-37bd-b01a-1b4005321cc2,,0.0,0.0,0.0,0.0,0.0,0.0,,credible alliance,1097000.0,,,1223000.0,,,24,,,,,,,,,
3a8120a0-beb5-34d9-a452-123ab8beedb7,,0.0,0.0,0.0,0.0,0.0,0.0,"Government Bodies, Other Domestic NGOs, Other Foreign NGOs",Help Your NGO foundation,1849640.0,,,1849644.0,,,400,,,,,,,,,
2c61083a-fb44-3be6-a383-f3abef19f7ba,,0.0,0.0,0.0,0.0,0.0,0.0,,Indian Institute of Corporate Affairs,1250000.0,,,1223000.0,,,12,,,,,,,,,
9026bd89-b084-3b42-a708-0530ca7b1fec,,0.0,0.0,0.0,0.0,0.0,0.0,,Multisoft,1097000.0,,,2000750.0,,,12,,,,,,,,,
a98d9095-f0f3-3263-8f98-fe313e8385b0,,0.0,0.0,0.0,0.0,0.0,0.0,,credible alliance,1250000.0,,,2000750.0,,,12,,,,,,,,,
dc185af1-2b2d-37f3-86c7-e4ad278f1e77,,0.0,0.0,0.0,0.0,0.0,0.0,,Indian Institute of Corporate Affairs,1250000.0,,,1223000.0,,,12,,,,,,,,,
1d2cbcd4-b1f8-39c4-ba40-71a671fd5205,,0.0,0.0,0.0,0.0,0.0,0.0,,"Book Share Bentech,(America)",1250000.0,,,1223000.0,,,12,,,,,,,,,
33b508a2-089d-38df-b078-5b000d23482b,,0.0,0.0,0.0,0.0,0.0,0.0,,"Vistara, Renew Power, Accenture, Ministry of Women & Child Welfare, Egis",1250000.0,,,27310000.0,,,150,,,170,,,,,,
f65ac55e-b6cd-3ff9-9b58-b04e511482db,,0.0,0.0,0.0,0.0,0.0,0.0,,Indian Institute of Corporate Affairs,1250000.0,,,1223000.0,,,12,,,,,,,,,
03c43118-8dbe-3200-bec3-76ca32083edb,,0.0,0.0,0.0,0.0,0.0,0.0,,Credible Alliance,1211000.0,,,215670000.0,,,4,,,,,,,,,
e70f8e88-09fd-3b87-9611-a81ed60ef896,,0.0,0.0,0.0,0.0,0.0,0.0,"Other Domestic NGOs, Other Foreign NGOs, Domestic Companies",Indian Institute of Corporate Affairs,9000000.0,,,9000000.0,,,12,,,,,,,,,
bf9e6c50-57a5-3505-b470-96d8758ebee3,,0.0,0.0,0.0,0.0,0.0,0.0,,credible alliance,1097000.0,,,1065000.0,,,12,,,,,,,,,
c3db691a-2886-3f70-9db1-8ea6f01fc4e1,,0.0,0.0,0.0,0.0,0.0,0.0,"Government Bodies, Other Domestic NGOs",aga khan foundation,1250000.0,,,1223000.0,,,12,,,,,,,,,
0877be3a-3342-3150-b7b9-50d4767ed17c,,0.0,0.0,0.0,0.0,0.0,0.0,,Indian Institute of Corporate Affairs,1250000.0,,,1223000.0,,,12,,,,,,,,,
5f867a2d-701c-3c4b-a9aa-381e7bcff251,,0.0,0.0,0.0,0.0,0.0,0.0,,Inspirasia,1250000.0,,,1223000.0,,,12,,,,,,,,,
3794c559-37c5-346b-bfe8-640cc9e46782,,1560000.0,,0.0,0.0,0.0,0.0,,,,,,3300000.0,,,12,,,,,,,,,
9d88e781-7cfd-3fc8-b21a-04df0d4c6742,,0.0,0.0,0.0,0.0,0.0,0.0,,Indian Institute of Corporate Affairs,1250000.0,,,1223000.0,,,12,,,,,,,,,
8b1e4ac0-15b9-3d85-8c7a-c7eee7923a79,,0.0,0.0,0.0,0.0,0.0,0.0,,Indian Institute of Corporate Affairs,1250000.0,,,1223000.0,,,12,,,,,,,,,
adb15b5c-a36b-3cde-be26-4d0ab614127f,,0.0,0.0,0.0,0.0,0.0,0.0,,Unknown,0.0,,,1065000.0,,,3,,,,,,,,,
c583064b-fb3a-39bf-b476-9bfcfee6ef91,,0.0,0.0,0.0,0.0,0.0,0.0,,unknown,0.0,,,0.0,,,8,4,,2,,,5.0,,,
4a7e7d79-2695-3e1e-810c-8347efc79420,,0.0,0.0,0.0,0.0,0.0,0.0,,Indian Institute of Corporate Affairs,1250000.0,,,1223000.0,,,12,,,,,,,,,
6dee437e-ddef-35a8-9a57-d97b68f10c6f,,0.0,0.0,0.0,0.0,0.0,0.0,,Credible Alliance,21113500.0,,,215670000.0,,,11,,,,,,,,,
b117f5af-c3e0-3261-bef4-094cefba6a5c,,0.0,0.0,0.0,0.0,0.0,0.0,"Other Domestic NGOs, Other Foreign NGOs, Domestic Companies",Indian Institute of Corporate Affairs,1250000.0,,,1223000.0,,,12,,,,,,,,,
69f59d59-5332-3e4b-9b71-edb39a494db8,,0.0,0.0,0.0,0.0,0.0,0.0,,skill and development,1250000.0,,,1223000.0,,,12,,,,,,,,,
41bafaf0-8f5c-382e-b1d4-83a8bde54cb2,,0.0,0.0,0.0,0.0,0.0,0.0,"Government Bodies, Other Domestic NGOs",Indian Institute of Corporate Affairs,1250000.0,,,1223000.0,,,12,,,,,,,,,
a96043d1-24ba-3b7e-a7b6-e58736e6cb2e,,0.0,0.0,0.0,0.0,0.0,0.0,,Indian Institute of Corporate Affairs,1250000.0,,,1223000.0,,,12,,,,,,,,,
ad802c34-611f-32a8-a6a0-fa92bc8178ff,,0.0,0.0,0.0,0.0,0.0,0.0,,Indian Institute of Corporate Affairs,1250000.0,,,7568420.0,,,5,,,,,,,,,
4a53d4d5-34fa-3847-9008-78500ed28466,,0.0,0.0,0.0,0.0,0.0,0.0,,Indian Institute of Corporate Affairs,1097000.0,,,1065000.0,,,12,,,,,,,,,
9711aea6-d87c-3273-8e08-7a661825a9e6,,0.0,0.0,0.0,0.0,0.0,0.0,,unkown,0.0,,,1650000.0,,,14,12,,12,,,8.0,,,
b49a1e8a-49ec-3aa5-a279-7a09337f5255,,0.0,0.0,0.0,0.0,0.0,0.0,,Indian Institute of Corporate Affairs,1250000.0,,,1223000.0,,,12,,,,,,,,,
f7123d2b-dc5d-377b-9919-627ce90699c5,,0.0,0.0,0.0,0.0,0.0,0.0,,Indian Institute of Corporate Affairs,1250000.0,,,1223000.0,,,12,,,,,,,,,
1e8318f5-9d4d-359d-95ea-4eb9fe480481,,0.0,0.0,0.0,0.0,0.0,0.0,,Indian Institute of Corporate Affairs,1250000.0,,,1223000.0,,,12,,,,,,,,,
142802fb-3d35-3958-830f-95f9cf00e777,,12070000.0,0.0,12070000.0,0.0,0.0,0.0,"Other Domestic NGOs, Domestic Companies, Foreign Companies, Foreign Nationals","Forbes & Marshal, Google, USAID, Dasra",940000.0,,,27310000.0,,,52,,,,,,,,,
4eed6d7b-1914-3719-9c8f-48a123e60d4e,,0.0,0.0,0.0,0.0,0.0,0.0,"Government Bodies, Other Domestic NGOs, Other Foreign NGOs",credible alliance,1250000.0,,,1223000.0,,,12,,,,,,,,,
70fb76a8-01c4-37be-943b-ee8cae2491fc,,0.0,0.0,0.0,0.0,0.0,0.0,,"VOLGA Transmission (Pvt) Limited,Fena Foundation,Universal Pyramid,Hilton Engineers Pvt. Limited,Hitkari Multifilters Limited",390000000.0,,,11000209.0,,,10,,,,,,,,,
3506d054-b3f1-34d6-8aab-99b8591b52f7,,0.0,0.0,0.0,0.0,0.0,0.0,"Government Bodies, Other Domestic NGOs, Other Foreign NGOs",Indian Institute of Corporate Affairs,1250000.0,,,1223000.0,,,12,,,,,,,,,
b88d3eff-6d32-3019-8751-e7e96140aeb9,,0.0,0.0,0.0,0.0,0.0,0.0,,Indian Institute of Corporate Affairs,1250000.0,,,1223000.0,,,12,,,,,,,,,
59a5b82f-b7c5-35c4-ac91-e4aee9a538b8,,0.0,0.0,0.0,0.0,0.0,0.0,,credible alliance,1250000.0,,,1223000.0,,,12,,,,,,,,,
58b0ef7b-eb60-316b-bb64-12ebad5df1ef,,0.0,0.0,0.0,0.0,0.0,0.0,"Other Domestic NGOs, Other Foreign NGOs, Domestic Companies",Indian Institute of Corporate Affairs,4556670.0,,,6667068.0,,,12,,,,,,,,,
c919d28a-fbe6-32d3-8905-50edf3b26662,,0.0,0.0,0.0,0.0,0.0,0.0,,Indian Institute of Corporate Affairs,1250000.0,,,1223000.0,,,12,,,,,,,,,
8a1fdc78-e5d9-35f8-9d60-c3c5156f371a,,0.0,0.0,0.0,0.0,0.0,0.0,,Indian Institute of Corporate Affairs,1250000.0,,,1223000.0,,,12,,,,,,,,,
27283c33-cdd9-3449-ab40-dd1dc8a4683d,,0.0,0.0,0.0,0.0,0.0,0.0,"Government Bodies, Other Domestic NGOs, Other Foreign NGOs",Indian Institute of Corporate Affairs,4000000.0,,,4000000.0,,,12,,,,,,,,,
5df31919-1925-307d-a33b-1bffbd785067,,0.0,,0.0,0.0,0.0,0.0,,,,,,1223000.0,,,,,,,,,,,,
1eace2f1-4add-39da-8e35-617834149408,,0.0,0.0,0.0,0.0,0.0,0.0,,unknown,0.0,,,11000209.0,,,10,8,,2,,,5.0,,,
f5f31305-dd79-3eb7-b9ec-165e0918833a,,0.0,0.0,0.0,0.0,0.0,0.0,,Indian Institute of Corporate Affairs,1250000.0,,,1223000.0,,,12,,,,,,,,,
5d48f880-de0f-39f8-a906-e6c326e88cd0,,0.0,0.0,0.0,0.0,0.0,0.0,,Institute of Corporate Affairs,1211000.0,,,122100.0,,,12,,,,,,,,,
39b92204-a41a-371f-a423-5ebc520decf8,,0.0,0.0,0.0,0.0,0.0,0.0,,"DSACS, Brahmos, NIOS",1250000.0,,,1223000.0,,,12,,,,,,,,,
1389e3fa-ef14-3a19-9edf-fa800b6ed5e9,,0.0,0.0,0.0,0.0,0.0,0.0,,,10970000.0,,,2000750.0,,,12,,,,,,,,,
862dce5c-9b6e-388e-87ee-d32ebef2808f,,0.0,0.0,0.0,0.0,0.0,0.0,,Indian Institute of Corporate Affairs,1250000.0,,,11000209.0,,,12,,,,,,,,,
0afe01e7-bfde-385b-b646-4ae4fdd097f0,,0.0,0.0,0.0,0.0,0.0,0.0,,credible alliance,1250000.0,,,1065000.0,,,12,,,,,,,,,
0f0008d5-6894-38b0-a030-3904d1e7e7dc,,0.0,0.0,0.0,0.0,0.0,0.0,,Indian Institute of Corporate Affairs,1250000.0,,,1223000.0,,,11,,,,,,,,,
f169eeef-03d4-3877-bcff-7f4c9d8b7930,,0.0,0.0,0.0,0.0,0.0,0.0,,Indian Institute of Corporate Affairs,1250000.0,,,1223000.0,,,12,,,,,,,,,
13791ed3-961d-3741-acff-1c686d2d2e21,,0.0,0.0,0.0,0.0,0.0,0.0,,unkown,0.0,,,2450000.0,,,14,,,,,,,,,
3b69a13a-5efe-3285-9444-83880be9978d,,0.0,0.0,0.0,0.0,0.0,0.0,,credible alliance,1250000.0,,,1223000.0,,,12,,,,,,,,,
5792a11d-daa7-31a8-9036-c8af9b5874c0,,0.0,0.0,0.0,0.0,0.0,0.0,"Government Bodies, Other Domestic NGOs, Other Foreign NGOs",Indian Institute of Corporate Affairs,1250000.0,,,1100000.0,,,12,,,,,,,,,
577c795b-7a0c-39a4-9db6-94cc6bdf3f08,,0.0,,0.0,0.0,0.0,0.0,,,,,,1223000.0,,,300,200,,,,,,,,
9af6006a-61e2-32de-99db-385bb448a17f,,0.0,0.0,0.0,0.0,0.0,0.0,,Indian Institute of Corporate Affairs,1250000.0,,,1223000.0,,,12,,,,,,,,,
ebd84fcf-abab-3ab8-9f1f-0f92cfaefa2f,,0.0,0.0,0.0,0.0,0.0,0.0,,unknown,0.0,,,0.0,,,20,14,,4,,,5.0,,,
31497923-688c-32e3-bbe4-d17839bf09f0,,0.0,0.0,0.0,0.0,0.0,0.0,,Indian Institute of Corporate Affairs,170000.0,,,1223000.0,,,12,,,,,,,,,
238fb5ea-735f-35c2-a90d-c4f97e953c36,,0.0,0.0,0.0,0.0,0.0,0.0,,Indian Institute of Corporate Affairs,1250000.0,,,1223000.0,,,12,,,,,,,,,
b7c14c09-f7cb-3b8f-8e3a-b6d8f0019740,,0.0,0.0,0.0,0.0,0.0,0.0,,Indian Institute of Corporate Affairs,1250000.0,,,1223000.0,,,12,,,,,,,,,
f57b3ffd-3b8f-38ce-9a1d-9cbdd2469e36,,0.0,0.0,0.0,0.0,0.0,0.0,"Other Domestic NGOs, Other Foreign NGOs, Domestic Companies",Impact Foundation,6000000.0,,,6000000.0,,,100,,,,,,,,,
7e17b27a-6d14-39e4-b818-b5d67de1179a,,0.0,0.0,0.0,0.0,0.0,0.0,,Indian Institute of Corporate Affairs,1250000.0,,,1223000.0,,,12,,,,,,,,,
77c68002-ad0d-3f44-bc19-0342ec0e9072,,0.0,0.0,0.0,0.0,0.0,0.0,"Government Bodies, Other Foreign NGOs, Domestic Companies",credible alliance,1000000.0,,,1000000.0,,,12,,,,,,,,,
eb7541de-2953-306d-b10c-bd76a843212c,,0.0,0.0,0.0,0.0,0.0,0.0,,Indian Institute of Corporate Affairs,1250000.0,,,1223000.0,,,12,,,,,,,,,
3fcc70b1-2210-363a-838a-f83816b28ebf,,0.0,0.0,0.0,0.0,0.0,0.0,,credible alliance,1250000.0,,,2000750.0,,,24,,,,,,,,,
b77c2f35-3a76-3fb6-9c44-426cce4a73d6,,0.0,0.0,0.0,0.0,0.0,0.0,"Other Domestic NGOs, Other Foreign NGOs, Foreign Companies",,1250000.0,,,1223000.0,,,12,,,,,,,,,
a99ce5e7-c08f-3fea-966e-fe59da788d47,,0.0,0.0,0.0,0.0,0.0,0.0,,Indian Institute of Corporate Affairs,10970000.0,,,11000209.0,,,12,,,,,,,,,
da50e15c-dd12-3c80-8dc9-9ebc210ab783,,0.0,0.0,0.0,0.0,0.0,0.0,"Other Domestic NGOs, Other Foreign NGOs, Domestic Companies",credible alliance,550425000.0,,,550425502.0,,,12,,,,,,,,,
3bc8facf-fbe5-3c49-a43e-2661ff3452c9,,0.0,0.0,0.0,0.0,0.0,0.0,N/A N/A,Credible Alliance credible alliance,1211000.0,,,122100.0,,,12,,,,,,,,,
bab397dd-9cea-35aa-af08-630b68d3b51a,,0.0,0.0,0.0,0.0,0.0,0.0,,unknown,0.0,,,1223000.0,,,12,,,,,,,,,
6cf3f2b2-f871-34d0-952f-4badefabfdaf,,0.0,0.0,0.0,0.0,0.0,0.0,,Indian Institute of Corporate Affairs,1250000.0,,,1223000.0,,,12,,,,,,,,,
590611dd-d698-30df-9a6b-e82a29d72054,,0.0,0.0,0.0,0.0,0.0,0.0,"Other Domestic NGOs, Other Foreign NGOs, Domestic Companies",credible alliance,1223000.0,,,1223000.0,,,12,,,,,,,,,
ba6914d3-2062-3bb0-90c9-bd778d6c6932,,0.0,0.0,0.0,0.0,0.0,0.0,,Indian Institute of Corporate Affairs,1250000.0,,,1223000.0,,,12,,,,,,,,,
e600e5c4-e61d-3596-a79d-f5eae0ac649b,,0.0,0.0,0.0,0.0,0.0,0.0,"Government Bodies, Other Foreign NGOs, Domestic Companies",credible alliance,3000000.0,,,3000000.0,,,12,,,,,,,,,
2d9f79fd-a231-3964-b08b-b0c492a3f0b2,,0.0,0.0,0.0,0.0,0.0,0.0,"Other Domestic NGOs, Domestic Companies, Foreign Companies",credible alliance,10970000.0,,,10969990.0,,,12,,,,,,,,,
80b97903-e1c5-3df1-94f2-5ddad67af538,,0.0,0.0,0.0,0.0,0.0,0.0,,Indian Institute of Corporate Affairs,1250000.0,,,1223000.0,,,12,,,,,,,,,
38e07ea3-0bf0-3d5b-8ed1-d5c4200cd6a4,,0.0,0.0,0.0,0.0,0.0,0.0,,Indian Institute of Corporate Affairs,1250000.0,,,1223000.0,,,12,,,,,,,,,
d0a4e4c9-488a-3b2a-8081-b16346a21401,,0.0,0.0,0.0,0.0,0.0,0.0,,Indian Institute of Corporate Affairs,1250000.0,,,1223000.0,,,12,,,,,,,,,
a98e1259-dba2-3f6c-9393-077c22c48aaf,,0.0,0.0,0.0,0.0,0.0,0.0,"Other Domestic NGOs, Domestic Companies, Foreign Companies",Indian Institute of Corporate Affairs,1250000.0,,,1223000.0,,,12,,,,,,,,,
1bebecdc-16d8-3eaf-b128-ab1d419e1bfb,,0.0,0.0,0.0,0.0,0.0,0.0,,credible alliance,1250000.0,,,1223000.0,,,12,,,,,,,,,
bbab1ffd-9a36-31e0-af63-3d19856139e0,,0.0,0.0,0.0,0.0,0.0,0.0,,Indian Institute of Corporate Affairs,10970000.0,,,11000209.0,,,12,,,,,,,,,
e4fa7276-6d40-3fbe-b18f-e84664d59faa,,0.0,0.0,0.0,0.0,0.0,0.0,"Government Bodies, Other Domestic NGOs, Other Foreign NGOs",Indian Institute of Corporate Affairs,45786600.0,,,5000000.0,,,12,,,,,,,,,
8158eeb5-2275-3658-9a64-d7bac45968e7,,0.0,0.0,0.0,0.0,0.0,0.0,,Credible Alliance,1211000.0,,,215670000.0,,,12,,,,,,,,,
bfcd40ea-b25f-3ea4-b0c9-facf5c9053de,,0.0,,0.0,0.0,0.0,0.0,,,,,,1223000.0,,,,,,,,,,,,
39953a55-3c10-3aba-9c12-99ef09c731b9,,0.0,0.0,0.0,0.0,0.0,0.0,N/A N/A N/A,credible alliance credible alliance credible alliance,4000000.0,,,4031958.0,,,8,,,,,,,,,
dfb01a16-17bb-31f1-918b-1f6e52ddb295,,0.0,0.0,0.0,0.0,0.0,0.0,,credible alliance,1250000.0,,,1223000.0,,,12,,,,,,,,,
74aee94b-a109-35b5-a0e1-68d5254ad4f0,,0.0,0.0,0.0,0.0,0.0,0.0,,,1250000.0,,,1223000.0,,,5,,,100,,,,,,
3b623c5a-9962-3c30-94ce-336f0c3065b6,,0.0,0.0,0.0,0.0,0.0,0.0,,Indian Institute of Corporate Affairs,83000000000.0,,,27310000.0,,,12,,,,,,,,,
b9f445fa-1cf7-3bfc-b6b8-0b5ffdd5a744,,0.0,0.0,0.0,0.0,0.0,0.0,,Indian Institute of Corporate Affairs,1097000.0,,,1223000.0,,,29,,,,,,,,,
f7d99a2f-e1e6-3f8b-9e0b-65faa9e45c0b,,0.0,0.0,0.0,0.0,0.0,0.0,"Other Domestic NGOs, Other Foreign NGOs",credible alliance,940000.0,,,11000209.0,,,12,,,,,,,,,
fc36332a-9190-3238-a5a7-be20dd6f27d7,,0.0,,0.0,0.0,0.0,0.0,,,,,,4031958.0,,,12,,,,,,,,,
9b868ecc-1b2d-32fb-9ced-b1301055ae24,,0.0,0.0,0.0,0.0,0.0,0.0,"Other Domestic NGOs, Other Foreign NGOs, Domestic Companies",Indian Institute of Corporate Affairs,1250000.0,,,1223000.0,,,12,,,,,,,,,
e7f9608a-23e6-35d4-b27a-dbfcca929ddf,,0.0,0.0,0.0,0.0,0.0,0.0,"Other Domestic NGOs, Other Foreign NGOs, Domestic Companies",Indian Institute of Corporate Affairs,100000.0,,,100000.0,,,15,,,,,,,,,
b795f3a2-d0ec-3136-9d7f-7d4a39a8f605,,0.0,0.0,0.0,0.0,0.0,0.0,,Indian Institute of Corporate Affairs,10970000.0,,,11000209.0,,,12,,,,,,,,,
812d29b8-8b95-31d8-9a77-58ae25eeaa39,,0.0,0.0,0.0,0.0,0.0,0.0,,unknown,500000.0,,,0.0,,,8,4,,2,,,4.0,,,
476e47d6-cdd9-3f59-8eb4-ee065b1336ac,,0.0,0.0,0.0,0.0,0.0,0.0,,unkown,750000.0,,,3200000.0,,,18,16,,10,,,12.0,,,
3886faf5-128b-3518-90bf-8456b4dc2fa6,,0.0,0.0,0.0,0.0,0.0,0.0,,Unknown,0.0,,,0.0,,,24,10,,9,,,8.0,,,
88b94e86-4c6d-34c9-92f8-6d254f36a72a,,0.0,0.0,0.0,0.0,0.0,0.0,,Indian Institute of Corporate Affairs,1250000.0,,,1223000.0,,,12,,,,,,,,,
74d5ce84-3976-344a-b3d4-6003e28e418b,,0.0,0.0,0.0,0.0,0.0,0.0,,Indian Institute of Corporate Affairs,1250000.0,,,1223000.0,,,12,,,,,,,,,
626109a2-ae56-3d5e-be55-7abeb2a384e3,,0.0,0.0,0.0,0.0,0.0,0.0,,Indian Institute of Corporate Affairs,10970000.0,,,1223000.0,,,39,,,22,,,,,,
494faef5-0ce9-3453-96ff-82b5e56b843b,,0.0,0.0,0.0,0.0,0.0,0.0,,Indian Institute of Corporate Affairs,1250000.0,,,1223000.0,,,12,,,,,,,,,
88054a6c-0ee8-3482-a7b7-7154b8100714,,0.0,0.0,0.0,0.0,0.0,0.0,Other Domestic NGOs,aga khan foundation,1250000.0,,,1223000.0,,,12,,,,,,,,,
229524b7-5d7b-3a46-a223-0094535e8275,,0.0,0.0,0.0,0.0,0.0,0.0,"Other Domestic NGOs, Other Foreign NGOs, Domestic Companies",Indian Institute of Corporate Affairs,1250000.0,,,1223000.0,,,12,,,,,,,,,
3b503e76-17c7-31f3-93e5-c9c9073efbd5,,0.0,0.0,0.0,0.0,0.0,0.0,,credible alliance,0.0,,,4800000.0,,,12,14,,16,,,10.0,,,
9452186d-dc19-3725-b3d3-35e481ceaf14,,0.0,0.0,0.0,0.0,0.0,0.0,"Other Domestic NGOs, Other Foreign NGOs, Domestic Companies",Indian Institute of Corporate Affairs,1250000.0,,,1223000.0,,,12,,,,,,,,,
3303b323-acff-3cc7-8c59-4876ab9c620b,,0.0,,0.0,0.0,0.0,0.0,,,,,,2000750.0,,,12,,,,,,,,,
b10249ee-c4c8-3d26-8dbf-7eeb28d90176,,0.0,0.0,0.0,0.0,0.0,0.0,,credible alliance,1969990.0,,,1065000.0,,,52,,,,,,,,,
2ec6b823-9b11-3341-be27-bb96c5cefa45,,0.0,0.0,0.0,0.0,0.0,0.0,,unknown,0.0,,,0.0,,,22,16,,5,,,8.0,,,
11a5e9ab-f515-383f-8908-1ed6af1289a1,,0.0,0.0,0.0,0.0,0.0,0.0,,Indian Institute of Corporate Affairs,1250000.0,,,1223000.0,,,17,,,15,,,,,,
c2727745-8d28-3892-b265-bdc40c4c4f7e,,0.0,0.0,0.0,0.0,0.0,0.0,,Indian Institute of Corporate Affairs,1250000.0,,,1223000.0,,,12,,,,,,,,,
ff693068-fbb0-32d6-976a-9beef398c03b,,0.0,0.0,0.0,0.0,0.0,0.0,"Government Bodies, Other Domestic NGOs, Other Foreign NGOs",credible alliance,1250000.0,,,1223000.0,,,12,,,,,,,,,
a9f2b920-fb16-355a-a1ca-7c8190173e11,,0.0,0.0,0.0,0.0,0.0,0.0,,Indian Institute of Corporate Affairs,1250000.0,,,1223000.0,,,12,,,,,,,,,
